id:ID,asOfDate,canonicalName,dataType,datePulled,domain,frequency,label,name,nodeType,obsidianUrl,provider,relativePath,signalStatus,source,sourceFolder,sourcePath,sourceVault,source_folder,source_path,source_rel_path,source_url,source_vault,status,subdomain,summary,tags,url,vault,:LABEL
mydata:datasource:treasury-direct-api,2026-06-01,Treasury Direct API,API,,DataSources,,Treasury Direct API,Treasury Direct API,datasource,obsidian://open?vault=My_Data&file=01_Data_Sources%2FMacro%2FTreasury%20Direct%20API.md,U.S. Department of the Treasury,01_Data_Sources/Macro/Treasury Direct API.md,,,01_Data_Sources,C:\Users\CaveUser\Documents\Obsidian Vault\My_Data\01_Data_Sources\Macro\Treasury Direct API.md,My_Data,01_Data_Sources,C:\Users\CaveUser\Documents\Obsidian Vault\My_Data\01_Data_Sources\Macro\Treasury Direct API.md,01_Data_Sources/Macro/Treasury Direct API.md,obsidian://open?vault=My_Data&file=01_Data_Sources%2FMacro%2FTreasury%20Direct%20API.md,My_Data,Active,Macro,,"[""treasury"",""yields"",""rates"",""debt"",""macro"",""government"",""free""]",https://api.fiscaldata.treasury.gov/services/api/fiscal_service/,My_Data,DataSource;SourceItem
mydata:datasource:twelve-data,2026-06-01,Twelve Data,API,,DataSources,,Twelve Data,Twelve Data,datasource,obsidian://open?vault=My_Data&file=01_Data_Sources%2FMarket_Data%2FTwelve%20Data.md,,01_Data_Sources/Market_Data/Twelve Data.md,,,01_Data_Sources,C:\Users\CaveUser\Documents\Obsidian Vault\My_Data\01_Data_Sources\Market_Data\Twelve Data.md,My_Data,01_Data_Sources,C:\Users\CaveUser\Documents\Obsidian Vault\My_Data\01_Data_Sources\Market_Data\Twelve Data.md,01_Data_Sources/Market_Data/Twelve Data.md,obsidian://open?vault=My_Data&file=01_Data_Sources%2FMarket_Data%2FTwelve%20Data.md,My_Data,Active,Market_Data,Useful for quick builds,"[""market-data""]",,My_Data,DataSource;SourceItem
mydata:datasource:umbra-open-data-tracker,2026-06-01,Umbra Open Data Tracker,CLI (OSS),,DataSources,,Umbra Open Data Tracker,Umbra Open Data Tracker,datasource,obsidian://open?vault=My_Data&file=01_Data_Sources%2FOSINT%2Fumbra-open-data-tracker.md,Bellingcat / GitHub OSS,01_Data_Sources/OSINT/umbra-open-data-tracker.md,,,01_Data_Sources,C:\Users\CaveUser\Documents\Obsidian Vault\My_Data\01_Data_Sources\OSINT\umbra-open-data-tracker.md,My_Data,01_Data_Sources,C:\Users\CaveUser\Documents\Obsidian Vault\My_Data\01_Data_Sources\OSINT\umbra-open-data-tracker.md,01_Data_Sources/OSINT/umbra-open-data-tracker.md,obsidian://open?vault=My_Data&file=01_Data_Sources%2FOSINT%2Fumbra-open-data-tracker.md,My_Data,Active,OSINT,"Bellingcat tool (30★). Monitors Umbra's open SAR imagery catalog — Umbra publishes a subset of their commercial satellite data publicly. Lightweight Python script, outputs KML for Google Earth. Useful for physical verification of site activity relevant to defense or energy theses.","[""osint"",""satellite"",""geospatial"",""defense"",""energy"",""bellingcat""]",https://github.com/bellingcat/umbra-open-data-tracker,My_Data,DataSource;SourceItem
mydata:datasource:un-comtrade-api,2026-06-01,UN Comtrade API,API,,DataSources,,UN Comtrade API,UN Comtrade API,datasource,obsidian://open?vault=My_Data&file=01_Data_Sources%2FSupply_Chain_Trade%2FUN%20Comtrade%20API.md,,01_Data_Sources/Supply_Chain_Trade/UN Comtrade API.md,,,01_Data_Sources,C:\Users\CaveUser\Documents\Obsidian Vault\My_Data\01_Data_Sources\Supply_Chain_Trade\UN Comtrade API.md,My_Data,01_Data_Sources,C:\Users\CaveUser\Documents\Obsidian Vault\My_Data\01_Data_Sources\Supply_Chain_Trade\UN Comtrade API.md,01_Data_Sources/Supply_Chain_Trade/UN Comtrade API.md,obsidian://open?vault=My_Data&file=01_Data_Sources%2FSupply_Chain_Trade%2FUN%20Comtrade%20API.md,My_Data,Active,Supply_Chain_Trade,Great macro trade backbone,"[""supply-chain-trade""]",,My_Data,DataSource;SourceItem
mydata:datasource:us-treasury-data,2026-06-01,US Treasury Data,API,,DataSources,,US Treasury Data,US Treasury Data,datasource,obsidian://open?vault=My_Data&file=01_Data_Sources%2FMacro%2FUS%20Treasury%20Data.md,,01_Data_Sources/Macro/US Treasury Data.md,,,01_Data_Sources,C:\Users\CaveUser\Documents\Obsidian Vault\My_Data\01_Data_Sources\Macro\US Treasury Data.md,My_Data,01_Data_Sources,C:\Users\CaveUser\Documents\Obsidian Vault\My_Data\01_Data_Sources\Macro\US Treasury Data.md,01_Data_Sources/Macro/US Treasury Data.md,obsidian://open?vault=My_Data&file=01_Data_Sources%2FMacro%2FUS%20Treasury%20Data.md,My_Data,Active,Macro,Reliable official source,"[""macro""]",,My_Data,DataSource;SourceItem
mydata:datasource:usaspending-api,2026-06-01,USASpending API,API,,DataSources,,USASpending API,USASpending API,datasource,obsidian://open?vault=My_Data&file=01_Data_Sources%2FGovernment_Contracts%2FUSASpending%20API.md,,01_Data_Sources/Government_Contracts/USASpending API.md,,,01_Data_Sources,C:\Users\CaveUser\Documents\Obsidian Vault\My_Data\01_Data_Sources\Government_Contracts\USASpending API.md,My_Data,01_Data_Sources,C:\Users\CaveUser\Documents\Obsidian Vault\My_Data\01_Data_Sources\Government_Contracts\USASpending API.md,01_Data_Sources/Government_Contracts/USASpending API.md,obsidian://open?vault=My_Data&file=01_Data_Sources%2FGovernment_Contracts%2FUSASpending%20API.md,My_Data,Active,Government_Contracts,Very valuable for network mapping,"[""government-contracts""]",,My_Data,DataSource;SourceItem
mydata:datasource:vesselfinder,2026-06-01,VesselFinder AIS,API/Web,,DataSources,,VesselFinder AIS,VesselFinder AIS,datasource,obsidian://open?vault=My_Data&file=01_Data_Sources%2FOSINT%2FVesselFinder.md,VesselFinder,01_Data_Sources/OSINT/VesselFinder.md,,,01_Data_Sources,C:\Users\CaveUser\Documents\Obsidian Vault\My_Data\01_Data_Sources\OSINT\VesselFinder.md,My_Data,01_Data_Sources,C:\Users\CaveUser\Documents\Obsidian Vault\My_Data\01_Data_Sources\OSINT\VesselFinder.md,01_Data_Sources/OSINT/VesselFinder.md,obsidian://open?vault=My_Data&file=01_Data_Sources%2FOSINT%2FVesselFinder.md,My_Data,Active,OSINT,Free web access is sufficient for manual checks. API required for automated pulls. Alternative: MarineTraffic API (similar coverage). Cross-reference with Hormuz Tracker (GitHub: johnsmalls22-rgb/hormuz-tracker) for geopolitical shipping signals.,"[""osint"",""supply-chain"",""maritime"",""geospatial"",""commodities""]",https://www.vesselfinder.com,My_Data,DataSource;SourceItem
mydata:datasource:world-gold-council-goldhub,2026-06-01,World Gold Council Goldhub,Dataset,,DataSources,,World Gold Council Goldhub,World Gold Council Goldhub,datasource,obsidian://open?vault=My_Data&file=01_Data_Sources%2FMacro%2FWorld%20Gold%20Council%20Goldhub.md,World Gold Council,01_Data_Sources/Macro/World Gold Council Goldhub.md,,,01_Data_Sources,C:\Users\CaveUser\Documents\Obsidian Vault\My_Data\01_Data_Sources\Macro\World Gold Council Goldhub.md,My_Data,01_Data_Sources,C:\Users\CaveUser\Documents\Obsidian Vault\My_Data\01_Data_Sources\Macro\World Gold Council Goldhub.md,01_Data_Sources/Macro/World Gold Council Goldhub.md,obsidian://open?vault=My_Data&file=01_Data_Sources%2FMacro%2FWorld%20Gold%20Council%20Goldhub.md,My_Data,Active,Macro,"Best practical source for the unresolved Central Bank Gold Purchases indicator, with country-level reserve tables built from IMF IFS and related official data.","[""macro"",""gold"",""reserves"",""hard-money""]",https://www.gold.org/goldhub/data/monthly-central-bank-statistics,My_Data,DataSource;SourceItem
mydata:datasource:world-monitor,2026-06-01,World Monitor,Web Platform,,DataSources,,World Monitor,World Monitor,datasource,obsidian://open?vault=My_Data&file=01_Data_Sources%2FOSINT%2FWorld-Monitor.md,World Monitor (worldmonitor.app),01_Data_Sources/OSINT/World-Monitor.md,,,01_Data_Sources,C:\Users\CaveUser\Documents\Obsidian Vault\My_Data\01_Data_Sources\OSINT\World-Monitor.md,My_Data,01_Data_Sources,C:\Users\CaveUser\Documents\Obsidian Vault\My_Data\01_Data_Sources\OSINT\World-Monitor.md,01_Data_Sources/OSINT/World-Monitor.md,obsidian://open?vault=My_Data&file=01_Data_Sources%2FOSINT%2FWorld-Monitor.md,My_Data,Active,OSINT,"Web platform — no local install required. 5 dashboards: conflict tracker, military flights, vessel monitor, GPS jamming map, geopolitical risk scores. Use as the primary geopolitical OSINT dashboard for regime detection.","[""osint"",""geopolitical"",""conflict"",""military"",""gps-jamming"",""satellite"",""regime-detection""]",https://www.worldmonitor.app,My_Data,DataSource;SourceItem
mydata:datasource:y-combinator-public-batch-data,2026-06-01,Y Combinator Public Batch Data,API,,DataSources,,Y Combinator Public Batch Data,Y Combinator Public Batch Data,datasource,obsidian://open?vault=My_Data&file=01_Data_Sources%2FPrivate_Markets_VC%2FY%20Combinator%20Public%20Batch%20Data.md,Y Combinator,01_Data_Sources/Private_Markets_VC/Y Combinator Public Batch Data.md,,,01_Data_Sources,C:\Users\CaveUser\Documents\Obsidian Vault\My_Data\01_Data_Sources\Private_Markets_VC\Y Combinator Public Batch Data.md,My_Data,01_Data_Sources,C:\Users\CaveUser\Documents\Obsidian Vault\My_Data\01_Data_Sources\Private_Markets_VC\Y Combinator Public Batch Data.md,01_Data_Sources/Private_Markets_VC/Y Combinator Public Batch Data.md,obsidian://open?vault=My_Data&file=01_Data_Sources%2FPrivate_Markets_VC%2FY%20Combinator%20Public%20Batch%20Data.md,My_Data,Active,Private_Markets_VC,Public company directory with filters. Good for tracking YC-backed sectors over time.,"[""private-markets"",""vc"",""startups"",""yc""]",https://www.ycombinator.com/companies,My_Data,DataSource;SourceItem
mydata:datasource:451-research,2026-06-01,451 Research,Research Platform,,DataSources,,451 Research,451 Research,datasource,,S&P Global Market Intelligence,01_Data_Sources/Fundamentals/451 Research.md,,,01_Data_Sources,,,01_Data_Sources,,01_Data_Sources/Fundamentals/451 Research.md,,My_Data,,,"Best library-grade source for the AI-data-center-power stack when public data is too fragmented to explain facility growth, capacity, or infrastructure bottlenecks.","[""ai"",""data-centers"",""cloud"",""infrastructure""]",https://www.spglobal.com/market-intelligence/en/solutions/451-research,,DataSource
mydata:datasource:zillow-research-data,2026-06-01,Zillow Research Data,API,,DataSources,,Zillow Research Data,Zillow Research Data,datasource,obsidian://open?vault=My_Data&file=01_Data_Sources%2FHousing_Real_Estate%2FZillow%20Research%20Data.md,Zillow,01_Data_Sources/Housing_Real_Estate/Zillow Research Data.md,,,01_Data_Sources,C:\Users\CaveUser\Documents\Obsidian Vault\My_Data\01_Data_Sources\Housing_Real_Estate\Zillow Research Data.md,My_Data,01_Data_Sources,C:\Users\CaveUser\Documents\Obsidian Vault\My_Data\01_Data_Sources\Housing_Real_Estate\Zillow Research Data.md,01_Data_Sources/Housing_Real_Estate/Zillow Research Data.md,obsidian://open?vault=My_Data&file=01_Data_Sources%2FHousing_Real_Estate%2FZillow%20Research%20Data.md,My_Data,Active,Housing_Real_Estate,Free CSV downloads. Excellent metro-level granularity. ZHVI is one of the most-cited home price measures.,"[""housing"",""prices"",""rental"",""metro"",""inventory""]",https://www.zillow.com/research/data/,My_Data,DataSource;SourceItem
mydata:datasource:zillow-ztrax,2026-06-01,Zillow ZTRAX,Download,,DataSources,,Zillow ZTRAX,Zillow ZTRAX,datasource,obsidian://open?vault=My_Data&file=01_Data_Sources%2FHousing_Real_Estate%2FZillow%20ZTRAX.md,Zillow Group,01_Data_Sources/Housing_Real_Estate/Zillow ZTRAX.md,,,01_Data_Sources,C:\Users\CaveUser\Documents\Obsidian Vault\My_Data\01_Data_Sources\Housing_Real_Estate\Zillow ZTRAX.md,My_Data,01_Data_Sources,C:\Users\CaveUser\Documents\Obsidian Vault\My_Data\01_Data_Sources\Housing_Real_Estate\Zillow ZTRAX.md,01_Data_Sources/Housing_Real_Estate/Zillow ZTRAX.md,obsidian://open?vault=My_Data&file=01_Data_Sources%2FHousing_Real_Estate%2FZillow%20ZTRAX.md,My_Data,Active,Housing_Real_Estate,,"[""housing"",""property"",""zillow"",""academic"",""deeds"",""free""]",https://www.zillow.com/research/ztrax/,My_Data,DataSource;SourceItem
mydata:datasource:alpaca-market-data,2026-06-01,Alpaca Market Data,API,,DataSources,,Alpaca Market Data,Alpaca Market Data,datasource,obsidian://open?vault=My_Data&file=01_Data_Sources%2FMarket_Data%2FAlpaca%20Market%20Data.md,,01_Data_Sources/Market_Data/Alpaca Market Data.md,,,01_Data_Sources,C:\Users\CaveUser\Documents\Obsidian Vault\My_Data\01_Data_Sources\Market_Data\Alpaca Market Data.md,My_Data,01_Data_Sources,C:\Users\CaveUser\Documents\Obsidian Vault\My_Data\01_Data_Sources\Market_Data\Alpaca Market Data.md,01_Data_Sources/Market_Data/Alpaca Market Data.md,obsidian://open?vault=My_Data&file=01_Data_Sources%2FMarket_Data%2FAlpaca%20Market%20Data.md,My_Data,Active,Market_Data,Good if data and execution are linked,"[""market-data""]",,My_Data,DataSource;SourceItem
mydata:datasource:alpha-vantage,2026-06-01,Alpha Vantage,API,,DataSources,,Alpha Vantage,Alpha Vantage,datasource,obsidian://open?vault=My_Data&file=01_Data_Sources%2FMarket_Data%2FAlpha%20Vantage.md,Alpha Vantage,01_Data_Sources/Market_Data/Alpha Vantage.md,,,01_Data_Sources,C:\Users\CaveUser\Documents\Obsidian Vault\My_Data\01_Data_Sources\Market_Data\Alpha Vantage.md,My_Data,01_Data_Sources,C:\Users\CaveUser\Documents\Obsidian Vault\My_Data\01_Data_Sources\Market_Data\Alpha Vantage.md,01_Data_Sources/Market_Data/Alpha Vantage.md,obsidian://open?vault=My_Data&file=01_Data_Sources%2FMarket_Data%2FAlpha%20Vantage.md,My_Data,Watching,Market_Data,Optional sidecar provider for endpoints that complement FMP without duplicating the primary daily financial-data backbone.,"[""data-source"",""market-data"",""alpha-vantage"",""sentiment""]",https://www.alphavantage.co/documentation/,My_Data,DataSource;SourceItem
mydata:datasource:amass,2026-06-01,Amass,CLI,,DataSources,,Amass,Amass,datasource,obsidian://open?vault=My_Data&file=01_Data_Sources%2FOSINT%2FAmass.md,OWASP / caffix,01_Data_Sources/OSINT/Amass.md,,,01_Data_Sources,C:\Users\CaveUser\Documents\Obsidian Vault\My_Data\01_Data_Sources\OSINT\Amass.md,My_Data,01_Data_Sources,C:\Users\CaveUser\Documents\Obsidian Vault\My_Data\01_Data_Sources\OSINT\Amass.md,01_Data_Sources/OSINT/Amass.md,obsidian://open?vault=My_Data&file=01_Data_Sources%2FOSINT%2FAmass.md,My_Data,Active,OSINT,Go binary — fast and reliable. Use 'amass intel' (passive) not 'amass enum' (active brute force) for investment research. Certificate transparency logs reveal product launches before announcements.,"[""osint"",""company-risk"",""dns-intelligence"",""passive-recon"",""network-intelligence""]",https://github.com/owasp-amass/amass,My_Data,DataSource;SourceItem
mydata:datasource:api-data-gov-agency-apis,2026-06-01,api.data.gov Agency APIs,API,,DataSources,,api.data.gov Agency APIs,api.data.gov Agency APIs,datasource,obsidian://open?vault=My_Data&file=01_Data_Sources%2FGovernment_Contracts%2Fapi.data.gov%20Agency%20APIs.md,GSA api.data.gov,01_Data_Sources/Government_Contracts/api.data.gov Agency APIs.md,,,01_Data_Sources,C:\Users\CaveUser\Documents\Obsidian Vault\My_Data\01_Data_Sources\Government_Contracts\api.data.gov Agency APIs.md,My_Data,01_Data_Sources,C:\Users\CaveUser\Documents\Obsidian Vault\My_Data\01_Data_Sources\Government_Contracts\api.data.gov Agency APIs.md,01_Data_Sources/Government_Contracts/api.data.gov Agency APIs.md,obsidian://open?vault=My_Data&file=01_Data_Sources%2FGovernment_Contracts%2Fapi.data.gov%20Agency%20APIs.md,My_Data,Active,Government_Contracts,"Shared My_Data puller for api.data.gov participating agencies. It complements specialized pullers such as eia, fda, sam, and treasury rather than replacing them.","[""api-data-gov"",""government-contracts"",""federal-apis"",""source-registry""]",https://api.data.gov/,My_Data,DataSource;SourceItem
mydata:datasource:arxiv-api,2026-06-01,arXiv API,API,,DataSources,,arXiv API,arXiv API,datasource,obsidian://open?vault=My_Data&file=01_Data_Sources%2FFrontier_Science%2FarXiv%20API.md,arXiv,01_Data_Sources/Frontier_Science/arXiv API.md,,,01_Data_Sources,C:\Users\CaveUser\Documents\Obsidian Vault\My_Data\01_Data_Sources\Frontier_Science\arXiv API.md,My_Data,01_Data_Sources,C:\Users\CaveUser\Documents\Obsidian Vault\My_Data\01_Data_Sources\Frontier_Science\arXiv API.md,01_Data_Sources/Frontier_Science/arXiv API.md,obsidian://open?vault=My_Data&file=01_Data_Sources%2FFrontier_Science%2FarXiv%20API.md,My_Data,Active,Frontier_Science,Used by multiple research pullers and by the Bioengineered Food Systems thesis puller.,"[""frontier-science"",""arxiv"",""research"",""biofood""]",https://info.arxiv.org/help/api/index.html,My_Data,DataSource;SourceItem
mydata:datasource:attom-data,2026-06-01,ATTOM Data,API,,DataSources,,ATTOM Data,ATTOM Data,datasource,obsidian://open?vault=My_Data&file=01_Data_Sources%2FHousing_Real_Estate%2FATTOM%20Data.md,ATTOM Data Solutions,01_Data_Sources/Housing_Real_Estate/ATTOM Data.md,,,01_Data_Sources,C:\Users\CaveUser\Documents\Obsidian Vault\My_Data\01_Data_Sources\Housing_Real_Estate\ATTOM Data.md,My_Data,01_Data_Sources,C:\Users\CaveUser\Documents\Obsidian Vault\My_Data\01_Data_Sources\Housing_Real_Estate\ATTOM Data.md,01_Data_Sources/Housing_Real_Estate/ATTOM Data.md,obsidian://open?vault=My_Data&file=01_Data_Sources%2FHousing_Real_Estate%2FATTOM%20Data.md,My_Data,Active,Housing_Real_Estate,,"[""housing"",""property"",""foreclosure"",""risk"",""freemium""]",https://api.gateway.attomdata.com/propertyapi/v1.0.0/,My_Data,DataSource;SourceItem
mydata:datasource:bea-api,2026-06-01,BEA API,API,,DataSources,,BEA API,BEA API,datasource,obsidian://open?vault=My_Data&file=01_Data_Sources%2FMacro%2FBEA%20API.md,,01_Data_Sources/Macro/BEA API.md,,,01_Data_Sources,C:\Users\CaveUser\Documents\Obsidian Vault\My_Data\01_Data_Sources\Macro\BEA API.md,My_Data,01_Data_Sources,C:\Users\CaveUser\Documents\Obsidian Vault\My_Data\01_Data_Sources\Macro\BEA API.md,01_Data_Sources/Macro/BEA API.md,obsidian://open?vault=My_Data&file=01_Data_Sources%2FMacro%2FBEA%20API.md,My_Data,Active,Macro,Great for economic scaffolding,"[""macro""]",,My_Data,DataSource;SourceItem
mydata:datasource:bellingcat-adsb-history,2026-06-01,Bellingcat ADS-B History,Web Tool,,DataSources,,Bellingcat ADS-B History,Bellingcat ADS-B History,datasource,obsidian://open?vault=My_Data&file=01_Data_Sources%2FOSINT%2FBellingcat-ADSB-History.md,Bellingcat,01_Data_Sources/OSINT/Bellingcat-ADSB-History.md,,,01_Data_Sources,C:\Users\CaveUser\Documents\Obsidian Vault\My_Data\01_Data_Sources\OSINT\Bellingcat-ADSB-History.md,My_Data,01_Data_Sources,C:\Users\CaveUser\Documents\Obsidian Vault\My_Data\01_Data_Sources\OSINT\Bellingcat-ADSB-History.md,01_Data_Sources/OSINT/Bellingcat-ADSB-History.md,obsidian://open?vault=My_Data&file=01_Data_Sources%2FOSINT%2FBellingcat-ADSB-History.md,My_Data,Active,OSINT,Vue.js web app. Uses ADS-B Exchange historical data. Requires tail number (N-number) input. Best used manually for specific due diligence rather than scheduled automation. Complement with FlightAware for active tracking.,"[""osint"",""bellingcat"",""aviation"",""corporate-intelligence"",""geospatial""]",https://github.com/bellingcat/adsb-history,My_Data,DataSource;SourceItem
mydata:datasource:bellingcat-autoarchiver,2026-06-01,Bellingcat Auto Archiver,CLI/API,,DataSources,,Bellingcat Auto Archiver,Bellingcat Auto Archiver,datasource,obsidian://open?vault=My_Data&file=01_Data_Sources%2FOSINT%2FBellingcat-AutoArchiver.md,Bellingcat,01_Data_Sources/OSINT/Bellingcat-AutoArchiver.md,,,01_Data_Sources,C:\Users\CaveUser\Documents\Obsidian Vault\My_Data\01_Data_Sources\OSINT\Bellingcat-AutoArchiver.md,My_Data,01_Data_Sources,C:\Users\CaveUser\Documents\Obsidian Vault\My_Data\01_Data_Sources\OSINT\Bellingcat-AutoArchiver.md,01_Data_Sources/OSINT/Bellingcat-AutoArchiver.md,obsidian://open?vault=My_Data&file=01_Data_Sources%2FOSINT%2FBellingcat-AutoArchiver.md,My_Data,Active,OSINT,Requires Google Drive or S3 bucket for storage. Outputs archived URLs and metadata to Google Sheets or local CSV. Best used as a companion tool when generating Signal notes — archive the triggering evidence URL.,"[""osint"",""bellingcat"",""archiving"",""evidence"",""research-infrastructure""]",https://github.com/bellingcat/auto-archiver,My_Data,DataSource;SourceItem
mydata:datasource:bls-api,2026-06-01,BLS API,API,,DataSources,,BLS API,BLS API,datasource,obsidian://open?vault=My_Data&file=01_Data_Sources%2FMacro%2FBLS%20API.md,,01_Data_Sources/Macro/BLS API.md,,,01_Data_Sources,C:\Users\CaveUser\Documents\Obsidian Vault\My_Data\01_Data_Sources\Macro\BLS API.md,My_Data,01_Data_Sources,C:\Users\CaveUser\Documents\Obsidian Vault\My_Data\01_Data_Sources\Macro\BLS API.md,01_Data_Sources/Macro/BLS API.md,obsidian://open?vault=My_Data&file=01_Data_Sources%2FMacro%2FBLS%20API.md,My_Data,Active,Macro,Core macro feed,"[""macro""]",,My_Data,DataSource;SourceItem
mydata:datasource:carbon-tracker-public-reports,2026-06-01,Carbon Tracker Public Reports,API,,DataSources,,Carbon Tracker Public Reports,Carbon Tracker Public Reports,datasource,obsidian://open?vault=My_Data&file=01_Data_Sources%2FClimate_Energy%2FCarbon%20Tracker%20Public%20Reports.md,Carbon Tracker Initiative,01_Data_Sources/Climate_Energy/Carbon Tracker Public Reports.md,,,01_Data_Sources,C:\Users\CaveUser\Documents\Obsidian Vault\My_Data\01_Data_Sources\Climate_Energy\Carbon Tracker Public Reports.md,My_Data,01_Data_Sources,C:\Users\CaveUser\Documents\Obsidian Vault\My_Data\01_Data_Sources\Climate_Energy\Carbon Tracker Public Reports.md,01_Data_Sources/Climate_Energy/Carbon Tracker Public Reports.md,obsidian://open?vault=My_Data&file=01_Data_Sources%2FClimate_Energy%2FCarbon%20Tracker%20Public%20Reports.md,My_Data,Active,Climate_Energy,Think tank focused on fossil fuel financial risk. Reports are free and well-cited.,"[""climate-energy"",""stranded-assets"",""risk"",""fossil-fuels""]",https://carbontracker.org/,My_Data,DataSource;SourceItem
mydata:datasource:cboe-options,2026-06-01,CBOE Market Positioning Data,API,,DataSources,,CBOE Market Positioning Data,CBOE Market Positioning Data,datasource,obsidian://open?vault=My_Data&file=01_Data_Sources%2FMarket_Data%2FCBOE_Options.md,Chicago Board Options Exchange,01_Data_Sources/Market_Data/CBOE_Options.md,,,01_Data_Sources,C:\Users\CaveUser\Documents\Obsidian Vault\My_Data\01_Data_Sources\Market_Data\CBOE_Options.md,My_Data,01_Data_Sources,C:\Users\CaveUser\Documents\Obsidian Vault\My_Data\01_Data_Sources\Market_Data\CBOE_Options.md,01_Data_Sources/Market_Data/CBOE_Options.md,obsidian://open?vault=My_Data&file=01_Data_Sources%2FMarket_Data%2FCBOE_Options.md,My_Data,Active,Market_Data,Tracks public CBOE positioning feeds; put/call is deprecated but skew and VIX term structure remain live.,"[""data_source"",""market"",""options"",""volatility"",""positioning"",""cboe""]",https://cdn.cboe.com/api/global/us_indices/daily_prices,My_Data,DataSource;SourceItem
mydata:datasource:census-api,2026-06-01,Census API,API,,DataSources,,Census API,Census API,datasource,obsidian://open?vault=My_Data&file=01_Data_Sources%2FMacro%2FCensus%20API.md,U.S. Census Bureau,01_Data_Sources/Macro/Census API.md,,,01_Data_Sources,C:\Users\CaveUser\Documents\Obsidian Vault\My_Data\01_Data_Sources\Macro\Census API.md,My_Data,01_Data_Sources,C:\Users\CaveUser\Documents\Obsidian Vault\My_Data\01_Data_Sources\Macro\Census API.md,01_Data_Sources/Macro/Census API.md,obsidian://open?vault=My_Data&file=01_Data_Sources%2FMacro%2FCensus%20API.md,My_Data,Active,Macro,,"[""census"",""demographics"",""housing"",""population"",""government"",""free""]",https://www.census.gov/data/developers/data-sets.html,My_Data,DataSource;SourceItem
mydata:datasource:census-bureau-housing-data,2026-06-01,Census Bureau Housing Data,API,,DataSources,,Census Bureau Housing Data,Census Bureau Housing Data,datasource,obsidian://open?vault=My_Data&file=01_Data_Sources%2FHousing_Real_Estate%2FCensus%20Bureau%20Housing%20Data.md,U.S. Census Bureau,01_Data_Sources/Housing_Real_Estate/Census Bureau Housing Data.md,,,01_Data_Sources,C:\Users\CaveUser\Documents\Obsidian Vault\My_Data\01_Data_Sources\Housing_Real_Estate\Census Bureau Housing Data.md,My_Data,01_Data_Sources,C:\Users\CaveUser\Documents\Obsidian Vault\My_Data\01_Data_Sources\Housing_Real_Estate\Census Bureau Housing Data.md,01_Data_Sources/Housing_Real_Estate/Census Bureau Housing Data.md,obsidian://open?vault=My_Data&file=01_Data_Sources%2FHousing_Real_Estate%2FCensus%20Bureau%20Housing%20Data.md,My_Data,Active,Housing_Real_Estate,"Primary source for new construction data. Monthly releases on starts, permits, completions.","[""housing"",""construction"",""supply"",""national""]",https://www.census.gov/construction/nrc/index.html,My_Data,DataSource;SourceItem
mydata:datasource:cftc-cot-positioning,2026-06-01,CFTC Commitments of Traders,Dataset,,DataSources,,CFTC Commitments of Traders,CFTC Commitments of Traders,datasource,obsidian://open?vault=My_Data&file=01_Data_Sources%2FMarket_Data%2FCFTC%20COT%20Positioning.md,Commodity Futures Trading Commission,01_Data_Sources/Market_Data/CFTC COT Positioning.md,,,01_Data_Sources,C:\Users\CaveUser\Documents\Obsidian Vault\My_Data\01_Data_Sources\Market_Data\CFTC COT Positioning.md,My_Data,01_Data_Sources,C:\Users\CaveUser\Documents\Obsidian Vault\My_Data\01_Data_Sources\Market_Data\CFTC COT Positioning.md,01_Data_Sources/Market_Data/CFTC COT Positioning.md,obsidian://open?vault=My_Data&file=01_Data_Sources%2FMarket_Data%2FCFTC%20COT%20Positioning.md,My_Data,Active,Market_Data,Weekly aggregate category-level futures positioning; not trader-level books.,"[""data_source"",""cftc"",""cot"",""futures"",""positioning""]",https://www.cftc.gov/MarketReports/CommitmentsofTraders/index.htm,My_Data,DataSource;SourceItem
mydata:datasource:clinicaltrials-api,2026-06-01,ClinicalTrials API,API,,DataSources,,ClinicalTrials API,ClinicalTrials API,datasource,obsidian://open?vault=My_Data&file=01_Data_Sources%2FBiotech_Healthcare%2FClinicalTrials%20API.md,,01_Data_Sources/Biotech_Healthcare/ClinicalTrials API.md,,,01_Data_Sources,C:\Users\CaveUser\Documents\Obsidian Vault\My_Data\01_Data_Sources\Biotech_Healthcare\ClinicalTrials API.md,My_Data,01_Data_Sources,C:\Users\CaveUser\Documents\Obsidian Vault\My_Data\01_Data_Sources\Biotech_Healthcare\ClinicalTrials API.md,01_Data_Sources/Biotech_Healthcare/ClinicalTrials API.md,obsidian://open?vault=My_Data&file=01_Data_Sources%2FBiotech_Healthcare%2FClinicalTrials%20API.md,My_Data,Active,Biotech_Healthcare,One of the best biotech research sources,"[""biotech-healthcare""]",,My_Data,DataSource;SourceItem
mydata:datasource:columbus-project,2026-06-01,Columbus Project,API (Web),,DataSources,,Columbus Project,Columbus Project,datasource,obsidian://open?vault=My_Data&file=01_Data_Sources%2FOSINT%2FColumbus-Project.md,elmasy-com / GitHub OSS,01_Data_Sources/OSINT/Columbus-Project.md,,,01_Data_Sources,C:\Users\CaveUser\Documents\Obsidian Vault\My_Data\01_Data_Sources\OSINT\Columbus-Project.md,My_Data,01_Data_Sources,C:\Users\CaveUser\Documents\Obsidian Vault\My_Data\01_Data_Sources\OSINT\Columbus-Project.md,01_Data_Sources/OSINT/Columbus-Project.md,obsidian://open?vault=My_Data&file=01_Data_Sources%2FOSINT%2FColumbus-Project.md,My_Data,Active,OSINT,Lightweight REST API. No API key required for the hosted instance. Use alongside Merklemap — Columbus is faster for quick sweeps; Merklemap provides deeper cert transparency history.,"[""osint"",""infrastructure"",""subdomain"",""passive-recon"",""company-risk""]",https://github.com/elmasy-com/columbus,My_Data,DataSource;SourceItem
mydata:datasource:crunchbase,2026-06-01,Crunchbase,API,,DataSources,,Crunchbase,Crunchbase,datasource,obsidian://open?vault=My_Data&file=01_Data_Sources%2FPrivate_Markets_VC%2FCrunchbase.md,Crunchbase Inc.,01_Data_Sources/Private_Markets_VC/Crunchbase.md,,,01_Data_Sources,C:\Users\CaveUser\Documents\Obsidian Vault\My_Data\01_Data_Sources\Private_Markets_VC\Crunchbase.md,My_Data,01_Data_Sources,C:\Users\CaveUser\Documents\Obsidian Vault\My_Data\01_Data_Sources\Private_Markets_VC\Crunchbase.md,01_Data_Sources/Private_Markets_VC/Crunchbase.md,obsidian://open?vault=My_Data&file=01_Data_Sources%2FPrivate_Markets_VC%2FCrunchbase.md,My_Data,Active,Private_Markets_VC,Free tier gives basic company/funding data. Pro tier needed for bulk export and advanced filters.,"[""private-markets"",""vc"",""startups"",""funding""]",https://www.crunchbase.com/,My_Data,DataSource;SourceItem
mydata:datasource:dealer-gamma-model-limitations,2026-06-01,Dealer Gamma Model Limitations,Reference,,DataSources,,Dealer Gamma Model Limitations,Dealer Gamma Model Limitations,datasource,obsidian://open?vault=My_Data&file=01_Data_Sources%2FMarket_Data%2FDealer%20Gamma%20Model%20Limitations.md,My_Data,01_Data_Sources/Market_Data/Dealer Gamma Model Limitations.md,,,01_Data_Sources,C:\Users\CaveUser\Documents\Obsidian Vault\My_Data\01_Data_Sources\Market_Data\Dealer Gamma Model Limitations.md,My_Data,01_Data_Sources,C:\Users\CaveUser\Documents\Obsidian Vault\My_Data\01_Data_Sources\Market_Data\Dealer Gamma Model Limitations.md,01_Data_Sources/Market_Data/Dealer Gamma Model Limitations.md,obsidian://open?vault=My_Data&file=01_Data_Sources%2FMarket_Data%2FDealer%20Gamma%20Model%20Limitations.md,My_Data,Active,Market_Data,Dealer gamma is a model unless open/close participant-type data is licensed and integrated.,"[""data_source"",""dealer-gamma"",""model-risk"",""market-structure""]",,My_Data,DataSource;SourceItem
mydata:datasource:edgar-dilution-monitor,2026-06-01,EDGAR Dilution Monitor,Composite,,DataSources,,EDGAR Dilution Monitor,EDGAR Dilution Monitor,datasource,obsidian://open?vault=My_Data&file=01_Data_Sources%2FFundamentals%2FEDGAR%20Dilution%20Monitor.md,SEC EDGAR + FMP Premium,01_Data_Sources/Fundamentals/EDGAR Dilution Monitor.md,,,01_Data_Sources,C:\Users\CaveUser\Documents\Obsidian Vault\My_Data\01_Data_Sources\Fundamentals\EDGAR Dilution Monitor.md,My_Data,01_Data_Sources,C:\Users\CaveUser\Documents\Obsidian Vault\My_Data\01_Data_Sources\Fundamentals\EDGAR Dilution Monitor.md,01_Data_Sources/Fundamentals/EDGAR Dilution Monitor.md,obsidian://open?vault=My_Data&file=01_Data_Sources%2FFundamentals%2FEDGAR%20Dilution%20Monitor.md,My_Data,Active,Fundamentals,Composite source — reuses `lib/edgar.mjs` (throttled 10 req/s) and `lib/fmp-client.mjs`. Rules live in `lib/dilution-rules.mjs`; state delta in `scripts/.cache/dilution-state.json`.,"[""fundamentals"",""dilution"",""sec"",""fmp""]",https://www.sec.gov/edgar,My_Data,DataSource;SourceItem
mydata:datasource:eia-api,2026-06-01,EIA API,API,,DataSources,,EIA API,EIA API,datasource,obsidian://open?vault=My_Data&file=01_Data_Sources%2FClimate_Energy%2FEIA%20API.md,U.S. Energy Information Administration,01_Data_Sources/Climate_Energy/EIA API.md,,,01_Data_Sources,C:\Users\CaveUser\Documents\Obsidian Vault\My_Data\01_Data_Sources\Climate_Energy\EIA API.md,My_Data,01_Data_Sources,C:\Users\CaveUser\Documents\Obsidian Vault\My_Data\01_Data_Sources\Climate_Energy\EIA API.md,01_Data_Sources/Climate_Energy/EIA API.md,obsidian://open?vault=My_Data&file=01_Data_Sources%2FClimate_Energy%2FEIA%20API.md,My_Data,Active,Climate_Energy,One of the best free energy datasets. Comprehensive API with historical and current data.,"[""climate-energy"",""oil"",""gas"",""electricity"",""renewables""]",https://www.eia.gov/opendata/,My_Data,DataSource;SourceItem
mydata:datasource:eia-electricity,2026-06-01,EIA Electricity Data,API,,DataSources,,EIA Electricity Data,EIA Electricity Data,datasource,obsidian://open?vault=My_Data&file=01_Data_Sources%2FClimate_Energy%2FEIA_Electricity.md,U.S. Energy Information Administration,01_Data_Sources/Climate_Energy/EIA_Electricity.md,,,01_Data_Sources,C:\Users\CaveUser\Documents\Obsidian Vault\My_Data\01_Data_Sources\Climate_Energy\EIA_Electricity.md,My_Data,01_Data_Sources,C:\Users\CaveUser\Documents\Obsidian Vault\My_Data\01_Data_Sources\Climate_Energy\EIA_Electricity.md,01_Data_Sources/Climate_Energy/EIA_Electricity.md,obsidian://open?vault=My_Data&file=01_Data_Sources%2FClimate_Energy%2FEIA_Electricity.md,My_Data,Active,Climate_Energy,Power and grid-focused slice of the broader EIA API; used by the live eia puller.,"[""data_source"",""energy"",""electricity"",""power-grid"",""eia""]",https://api.eia.gov/v2,My_Data,DataSource;SourceItem
mydata:datasource:epa-ghgrp,2026-06-01,EPA GHGRP,API,,DataSources,,EPA GHGRP,EPA GHGRP,datasource,obsidian://open?vault=My_Data&file=01_Data_Sources%2FClimate_Energy%2FEPA%20GHGRP.md,U.S. Environmental Protection Agency,01_Data_Sources/Climate_Energy/EPA GHGRP.md,,,01_Data_Sources,C:\Users\CaveUser\Documents\Obsidian Vault\My_Data\01_Data_Sources\Climate_Energy\EPA GHGRP.md,My_Data,01_Data_Sources,C:\Users\CaveUser\Documents\Obsidian Vault\My_Data\01_Data_Sources\Climate_Energy\EPA GHGRP.md,01_Data_Sources/Climate_Energy/EPA GHGRP.md,obsidian://open?vault=My_Data&file=01_Data_Sources%2FClimate_Energy%2FEPA%20GHGRP.md,My_Data,Active,Climate_Energy,Facility-level GHG data. Essential for understanding industrial emissions at the source.,"[""climate-energy"",""emissions"",""carbon"",""regulation""]",https://ghgdata.epa.gov/ghgp/main.do,My_Data,DataSource;SourceItem
mydata:datasource:faa-uas-integration-office,2026-06-01,FAA UAS Integration Office,Portal,,DataSources,,FAA UAS Integration Office,FAA UAS Integration Office,datasource,obsidian://open?vault=My_Data&file=01_Data_Sources%2FGovernment_Contracts%2FFAA%20UAS%20Integration%20Office.md,Federal Aviation Administration,01_Data_Sources/Government_Contracts/FAA UAS Integration Office.md,,,01_Data_Sources,C:\Users\CaveUser\Documents\Obsidian Vault\My_Data\01_Data_Sources\Government_Contracts\FAA UAS Integration Office.md,My_Data,01_Data_Sources,C:\Users\CaveUser\Documents\Obsidian Vault\My_Data\01_Data_Sources\Government_Contracts\FAA UAS Integration Office.md,01_Data_Sources/Government_Contracts/FAA UAS Integration Office.md,obsidian://open?vault=My_Data&file=01_Data_Sources%2FGovernment_Contracts%2FFAA%20UAS%20Integration%20Office.md,My_Data,Active,Government_Contracts,"Best official FAA landing page for drone-integration programs, organizational ownership, and outward-facing UAS policy context.","[""government"",""drones"",""aviation"",""regulation""]",https://www.faa.gov/about/office_org/headquarters_offices/avs/offices/aus,My_Data,DataSource;SourceItem
mydata:datasource:fda-open-data-drugs-fda,2026-06-01,FDA open data / Drugs@FDA,API,,DataSources,,FDA open data / Drugs@FDA,FDA open data / Drugs@FDA,datasource,obsidian://open?vault=My_Data&file=01_Data_Sources%2FBiotech_Healthcare%2FFDA%20open%20data%20Drugs%40FDA.md,,01_Data_Sources/Biotech_Healthcare/FDA open data Drugs@FDA.md,,,01_Data_Sources,C:\Users\CaveUser\Documents\Obsidian Vault\My_Data\01_Data_Sources\Biotech_Healthcare\FDA open data Drugs@FDA.md,My_Data,01_Data_Sources,C:\Users\CaveUser\Documents\Obsidian Vault\My_Data\01_Data_Sources\Biotech_Healthcare\FDA open data Drugs@FDA.md,01_Data_Sources/Biotech_Healthcare/FDA open data Drugs@FDA.md,obsidian://open?vault=My_Data&file=01_Data_Sources%2FBiotech_Healthcare%2FFDA%20open%20data%20Drugs%40FDA.md,My_Data,Active,Biotech_Healthcare,Core biotech foundation,"[""biotech-healthcare""]",https://open.fda.gov/apis/,My_Data,DataSource;SourceItem
mydata:datasource:federal-register-faa-rulemaking,2026-06-01,Federal Register FAA Rulemaking,Regulatory Portal,,DataSources,,Federal Register FAA Rulemaking,Federal Register FAA Rulemaking,datasource,obsidian://open?vault=My_Data&file=01_Data_Sources%2FLegal_Courts%2FFederal%20Register%20FAA%20Rulemaking.md,Office of the Federal Register / U.S. Government,01_Data_Sources/Legal_Courts/Federal Register FAA Rulemaking.md,,,01_Data_Sources,C:\Users\CaveUser\Documents\Obsidian Vault\My_Data\01_Data_Sources\Legal_Courts\Federal Register FAA Rulemaking.md,My_Data,01_Data_Sources,C:\Users\CaveUser\Documents\Obsidian Vault\My_Data\01_Data_Sources\Legal_Courts\Federal Register FAA Rulemaking.md,01_Data_Sources/Legal_Courts/Federal Register FAA Rulemaking.md,obsidian://open?vault=My_Data&file=01_Data_Sources%2FLegal_Courts%2FFederal%20Register%20FAA%20Rulemaking.md,My_Data,Active,Legal_Courts,"Best public source for exact FAA rulemaking milestones, especially BVLOS, waiver, Remote ID, and comment-period changes.","[""legal"",""regulation"",""aviation"",""drones""]",https://www.federalregister.gov/agencies/federal-aviation-administration,My_Data,DataSource;SourceItem
mydata:datasource:fhfa-house-price-index,2026-06-01,FHFA House Price Index,API,,DataSources,,FHFA House Price Index,FHFA House Price Index,datasource,obsidian://open?vault=My_Data&file=01_Data_Sources%2FHousing_Real_Estate%2FFHFA%20House%20Price%20Index.md,Federal Housing Finance Agency,01_Data_Sources/Housing_Real_Estate/FHFA House Price Index.md,,,01_Data_Sources,C:\Users\CaveUser\Documents\Obsidian Vault\My_Data\01_Data_Sources\Housing_Real_Estate\FHFA House Price Index.md,My_Data,01_Data_Sources,C:\Users\CaveUser\Documents\Obsidian Vault\My_Data\01_Data_Sources\Housing_Real_Estate\FHFA House Price Index.md,01_Data_Sources/Housing_Real_Estate/FHFA House Price Index.md,obsidian://open?vault=My_Data&file=01_Data_Sources%2FHousing_Real_Estate%2FFHFA%20House%20Price%20Index.md,My_Data,Active,Housing_Real_Estate,Based on conforming mortgage transactions. Gold standard for broad price trends alongside Case-Shiller.,"[""housing"",""prices"",""national"",""metro"",""index""]",https://www.fhfa.gov/data/hpi,My_Data,DataSource;SourceItem
mydata:datasource:financial-modeling-prep,2026-06-01,Financial Modeling Prep,API,,DataSources,,Financial Modeling Prep,Financial Modeling Prep,datasource,obsidian://open?vault=My_Data&file=01_Data_Sources%2FFundamentals%2FFinancial%20Modeling%20Prep.md,Financial Modeling Prep,01_Data_Sources/Fundamentals/Financial Modeling Prep.md,,,01_Data_Sources,C:\Users\CaveUser\Documents\Obsidian Vault\My_Data\01_Data_Sources\Fundamentals\Financial Modeling Prep.md,My_Data,01_Data_Sources,C:\Users\CaveUser\Documents\Obsidian Vault\My_Data\01_Data_Sources\Fundamentals\Financial Modeling Prep.md,01_Data_Sources/Fundamentals/Financial Modeling Prep.md,obsidian://open?vault=My_Data&file=01_Data_Sources%2FFundamentals%2FFinancial%20Modeling%20Prep.md,My_Data,Active,Fundamentals,FMP Premium is the active market-data and fundamentals backbone for the vault.,"[""fundamentals"",""market-data"",""fmp""]",https://financialmodelingprep.com/,My_Data,DataSource;SourceItem
mydata:datasource:finra-positioning-data,2026-06-01,FINRA Positioning Data,API,,DataSources,,FINRA Positioning Data,FINRA Positioning Data,datasource,obsidian://open?vault=My_Data&file=01_Data_Sources%2FMarket_Data%2FFINRA%20Positioning%20Data.md,FINRA,01_Data_Sources/Market_Data/FINRA Positioning Data.md,,,01_Data_Sources,C:\Users\CaveUser\Documents\Obsidian Vault\My_Data\01_Data_Sources\Market_Data\FINRA Positioning Data.md,My_Data,01_Data_Sources,C:\Users\CaveUser\Documents\Obsidian Vault\My_Data\01_Data_Sources\Market_Data\FINRA Positioning Data.md,01_Data_Sources/Market_Data/FINRA Positioning Data.md,obsidian://open?vault=My_Data&file=01_Data_Sources%2FMarket_Data%2FFINRA%20Positioning%20Data.md,My_Data,Integrated,Market_Data,"Native FINRA Query API puller supports short interest, Reg SHO daily short-sale volume, threshold list, and OTC weekly transparency. It degrades gracefully when credentials are missing.","[""data_source"",""finra"",""short-interest"",""otc"",""market-structure""]",https://developer.finra.org/products/query-api,My_Data,DataSource;SourceItem
mydata:datasource:fpds-public-procurement-data,2026-06-01,FPDS public procurement data,API,,DataSources,,FPDS public procurement data,FPDS public procurement data,datasource,obsidian://open?vault=My_Data&file=01_Data_Sources%2FGovernment_Contracts%2FFPDS%20public%20procurement%20data.md,,01_Data_Sources/Government_Contracts/FPDS public procurement data.md,,,01_Data_Sources,C:\Users\CaveUser\Documents\Obsidian Vault\My_Data\01_Data_Sources\Government_Contracts\FPDS public procurement data.md,My_Data,01_Data_Sources,C:\Users\CaveUser\Documents\Obsidian Vault\My_Data\01_Data_Sources\Government_Contracts\FPDS public procurement data.md,01_Data_Sources/Government_Contracts/FPDS public procurement data.md,obsidian://open?vault=My_Data&file=01_Data_Sources%2FGovernment_Contracts%2FFPDS%20public%20procurement%20data.md,My_Data,Active,Government_Contracts,Often paired with USASpending,"[""government-contracts""]",,My_Data,DataSource;SourceItem
mydata:datasource:fred-api,2026-06-01,FRED API,API,,DataSources,,FRED API,FRED API,datasource,obsidian://open?vault=My_Data&file=01_Data_Sources%2FMacro%2FFRED%20API.md,,01_Data_Sources/Macro/FRED API.md,,,01_Data_Sources,C:\Users\CaveUser\Documents\Obsidian Vault\My_Data\01_Data_Sources\Macro\FRED API.md,My_Data,01_Data_Sources,C:\Users\CaveUser\Documents\Obsidian Vault\My_Data\01_Data_Sources\Macro\FRED API.md,01_Data_Sources/Macro/FRED API.md,obsidian://open?vault=My_Data&file=01_Data_Sources%2FMacro%2FFRED%20API.md,My_Data,Active,Macro,One of the best free datasets anywhere,"[""macro""]",,My_Data,DataSource;SourceItem
mydata:datasource:fred-housing-series,2026-06-01,FRED Housing Series,API,,DataSources,,FRED Housing Series,FRED Housing Series,datasource,obsidian://open?vault=My_Data&file=01_Data_Sources%2FHousing_Real_Estate%2FFRED%20Housing%20Series.md,Federal Reserve Bank of St. Louis,01_Data_Sources/Housing_Real_Estate/FRED Housing Series.md,,,01_Data_Sources,C:\Users\CaveUser\Documents\Obsidian Vault\My_Data\01_Data_Sources\Housing_Real_Estate\FRED Housing Series.md,My_Data,01_Data_Sources,C:\Users\CaveUser\Documents\Obsidian Vault\My_Data\01_Data_Sources\Housing_Real_Estate\FRED Housing Series.md,01_Data_Sources/Housing_Real_Estate/FRED Housing Series.md,obsidian://open?vault=My_Data&file=01_Data_Sources%2FHousing_Real_Estate%2FFRED%20Housing%20Series.md,My_Data,Active,Housing_Real_Estate,Subset of FRED focused on housing — dozens of series including S&P/Case-Shiller. Foundation source for national-level housing data.,"[""housing"",""prices"",""rates"",""national""]",https://fred.stlouisfed.org/categories/97,My_Data,DataSource;SourceItem
mydata:datasource:gdelt-doc-api,2026-06-01,GDELT DOC API,API,,DataSources,,GDELT DOC API,GDELT DOC API,datasource,obsidian://open?vault=My_Data&file=01_Data_Sources%2FNews_Media%2FGDELT%20DOC%20API.md,The GDELT Project,01_Data_Sources/News_Media/GDELT DOC API.md,,,01_Data_Sources,C:\Users\CaveUser\Documents\Obsidian Vault\My_Data\01_Data_Sources\News_Media\GDELT DOC API.md,My_Data,01_Data_Sources,C:\Users\CaveUser\Documents\Obsidian Vault\My_Data\01_Data_Sources\News_Media\GDELT DOC API.md,01_Data_Sources/News_Media/GDELT DOC API.md,obsidian://open?vault=My_Data&file=01_Data_Sources%2FNews_Media%2FGDELT%20DOC%20API.md,My_Data,Active,News_Media,Uses GDELT DOC 2.0 Article List mode as a fast radar input. Headlines require human/source confirmation before being promoted to signals.,"[""news-media"",""gdelt"",""event-monitor""]",https://api.gdeltproject.org/api/v2/doc/doc,My_Data,DataSource;SourceItem
mydata:datasource:global-carbon-atlas,2026-06-01,Global Carbon Atlas,API,,DataSources,,Global Carbon Atlas,Global Carbon Atlas,datasource,obsidian://open?vault=My_Data&file=01_Data_Sources%2FClimate_Energy%2FGlobal%20Carbon%20Atlas.md,Global Carbon Project,01_Data_Sources/Climate_Energy/Global Carbon Atlas.md,,,01_Data_Sources,C:\Users\CaveUser\Documents\Obsidian Vault\My_Data\01_Data_Sources\Climate_Energy\Global Carbon Atlas.md,My_Data,01_Data_Sources,C:\Users\CaveUser\Documents\Obsidian Vault\My_Data\01_Data_Sources\Climate_Energy\Global Carbon Atlas.md,01_Data_Sources/Climate_Energy/Global Carbon Atlas.md,obsidian://open?vault=My_Data&file=01_Data_Sources%2FClimate_Energy%2FGlobal%20Carbon%20Atlas.md,My_Data,Active,Climate_Energy,Good for global-level carbon emissions context. Country-level granularity.,"[""climate-energy"",""emissions"",""carbon"",""global""]",http://www.globalcarbonatlas.org/,My_Data,DataSource;SourceItem
mydata:datasource:hormuz-tracker,2026-06-01,Hormuz Tracker,CLI/Dashboard (OSS),,DataSources,,Hormuz Tracker,Hormuz Tracker,datasource,obsidian://open?vault=My_Data&file=01_Data_Sources%2FOSINT%2FHormuz-Tracker.md,johnsmalls22-rgb / GitHub OSS,01_Data_Sources/OSINT/Hormuz-Tracker.md,,,01_Data_Sources,C:\Users\CaveUser\Documents\Obsidian Vault\My_Data\01_Data_Sources\OSINT\Hormuz-Tracker.md,My_Data,01_Data_Sources,C:\Users\CaveUser\Documents\Obsidian Vault\My_Data\01_Data_Sources\OSINT\Hormuz-Tracker.md,01_Data_Sources/OSINT/Hormuz-Tracker.md,obsidian://open?vault=My_Data&file=01_Data_Sources%2FOSINT%2FHormuz-Tracker.md,My_Data,Active,OSINT,"GitHub OSS, Python-based. Combines AIS data with crude price feeds. Particularly useful when EIA or news signals show oil price movement — cross-check with actual chokepoint traffic.","[""osint"",""maritime"",""energy"",""geopolitical"",""crude-oil"",""supply-chain""]",https://github.com/johnsmalls22-rgb/hormuz-tracker,My_Data,DataSource;SourceItem
mydata:datasource:hud-user-datasets,2026-06-01,HUD User Datasets,API,,DataSources,,HUD User Datasets,HUD User Datasets,datasource,obsidian://open?vault=My_Data&file=01_Data_Sources%2FHousing_Real_Estate%2FHUD%20User%20Datasets.md,U.S. Dept of Housing and Urban Development,01_Data_Sources/Housing_Real_Estate/HUD User Datasets.md,,,01_Data_Sources,C:\Users\CaveUser\Documents\Obsidian Vault\My_Data\01_Data_Sources\Housing_Real_Estate\HUD User Datasets.md,My_Data,01_Data_Sources,C:\Users\CaveUser\Documents\Obsidian Vault\My_Data\01_Data_Sources\Housing_Real_Estate\HUD User Datasets.md,01_Data_Sources/Housing_Real_Estate/HUD User Datasets.md,obsidian://open?vault=My_Data&file=01_Data_Sources%2FHousing_Real_Estate%2FHUD%20User%20Datasets.md,My_Data,Active,Housing_Real_Estate,Essential for affordability and rental market context. FMR data updated annually by metro.,"[""housing"",""affordability"",""rental"",""policy""]",https://www.huduser.gov/portal/datasets/,My_Data,DataSource;SourceItem
mydata:datasource:icij-offshoreleaksdb,2026-06-01,ICIJ Offshore Leaks Database,Web/API,,DataSources,,ICIJ Offshore Leaks Database,ICIJ Offshore Leaks Database,datasource,obsidian://open?vault=My_Data&file=01_Data_Sources%2FOSINT%2FICIJ-OffshoreleaksDB.md,International Consortium of Investigative Journalists (ICIJ),01_Data_Sources/OSINT/ICIJ-OffshoreleaksDB.md,,,01_Data_Sources,C:\Users\CaveUser\Documents\Obsidian Vault\My_Data\01_Data_Sources\OSINT\ICIJ-OffshoreleaksDB.md,My_Data,01_Data_Sources,C:\Users\CaveUser\Documents\Obsidian Vault\My_Data\01_Data_Sources\OSINT\ICIJ-OffshoreleaksDB.md,01_Data_Sources/OSINT/ICIJ-OffshoreleaksDB.md,obsidian://open?vault=My_Data&file=01_Data_Sources%2FOSINT%2FICIJ-OffshoreleaksDB.md,My_Data,Active,OSINT,No API key required. REST-style search available at offshoreleaks.icij.org/search. Also accessible via ICIJ's public Neo4j graph dataset for bulk queries. Cross-reference with 12_Company_Risk/Entities/.,"[""osint"",""company-risk"",""beneficial-ownership"",""offshore"",""sanctions"",""short-research""]",https://offshoreleaks.icij.org,My_Data,DataSource;SourceItem
mydata:datasource:iex-style-market-feeds,2026-06-01,IEX-Style Market Feeds,API,,DataSources,,IEX-Style Market Feeds,IEX-Style Market Feeds,datasource,obsidian://open?vault=My_Data&file=01_Data_Sources%2FMarket_Data%2FIEX-Style%20Market%20Feeds.md,,01_Data_Sources/Market_Data/IEX-Style Market Feeds.md,,,01_Data_Sources,C:\Users\CaveUser\Documents\Obsidian Vault\My_Data\01_Data_Sources\Market_Data\IEX-Style Market Feeds.md,My_Data,01_Data_Sources,C:\Users\CaveUser\Documents\Obsidian Vault\My_Data\01_Data_Sources\Market_Data\IEX-Style Market Feeds.md,01_Data_Sources/Market_Data/IEX-Style Market Feeds.md,obsidian://open?vault=My_Data&file=01_Data_Sources%2FMarket_Data%2FIEX-Style%20Market%20Feeds.md,My_Data,Active,Market_Data,"Some tiers free, deeper access often paid","[""market-data""]",,My_Data,DataSource;SourceItem
mydata:datasource:imf-international-financial-statistics,2026-06-01,IMF International Financial Statistics,Dataset,,DataSources,,IMF International Financial Statistics,IMF International Financial Statistics,datasource,obsidian://open?vault=My_Data&file=01_Data_Sources%2FMacro%2FIMF%20International%20Financial%20Statistics.md,International Monetary Fund,01_Data_Sources/Macro/IMF International Financial Statistics.md,,,01_Data_Sources,C:\Users\CaveUser\Documents\Obsidian Vault\My_Data\01_Data_Sources\Macro\IMF International Financial Statistics.md,My_Data,01_Data_Sources,C:\Users\CaveUser\Documents\Obsidian Vault\My_Data\01_Data_Sources\Macro\IMF International Financial Statistics.md,01_Data_Sources/Macro/IMF International Financial Statistics.md,obsidian://open?vault=My_Data&file=01_Data_Sources%2FMacro%2FIMF%20International%20Financial%20Statistics.md,My_Data,Active,Macro,"Official deep source behind many reserve and international macro datasets, useful when the thesis needs primary cross-country verification rather than a summarized dashboard.","[""macro"",""reserves"",""international"",""central-banks""]",https://data.imf.org/IFS,My_Data,DataSource;SourceItem
mydata:datasource:irena,2026-06-01,IRENA,API,,DataSources,,IRENA,IRENA,datasource,obsidian://open?vault=My_Data&file=01_Data_Sources%2FClimate_Energy%2FIRENA.md,International Renewable Energy Agency,01_Data_Sources/Climate_Energy/IRENA.md,,,01_Data_Sources,C:\Users\CaveUser\Documents\Obsidian Vault\My_Data\01_Data_Sources\Climate_Energy\IRENA.md,My_Data,01_Data_Sources,C:\Users\CaveUser\Documents\Obsidian Vault\My_Data\01_Data_Sources\Climate_Energy\IRENA.md,01_Data_Sources/Climate_Energy/IRENA.md,obsidian://open?vault=My_Data&file=01_Data_Sources%2FClimate_Energy%2FIRENA.md,My_Data,Active,Climate_Energy,Authoritative source for global renewable energy data. Excellent for tracking the energy transition.,"[""climate-energy"",""renewables"",""solar"",""wind"",""costs""]",https://www.irena.org/Data,My_Data,DataSource;SourceItem
mydata:datasource:janes-defence-intelligence,2026-06-01,Janes Defence Intelligence,Research Platform,,DataSources,,Janes Defence Intelligence,Janes Defence Intelligence,datasource,obsidian://open?vault=My_Data&file=01_Data_Sources%2FGovernment_Contracts%2FJanes%20Defence%20Intelligence.md,Janes,01_Data_Sources/Government_Contracts/Janes Defence Intelligence.md,,,01_Data_Sources,C:\Users\CaveUser\Documents\Obsidian Vault\My_Data\01_Data_Sources\Government_Contracts\Janes Defence Intelligence.md,My_Data,01_Data_Sources,C:\Users\CaveUser\Documents\Obsidian Vault\My_Data\01_Data_Sources\Government_Contracts\Janes Defence Intelligence.md,01_Data_Sources/Government_Contracts/Janes Defence Intelligence.md,obsidian://open?vault=My_Data&file=01_Data_Sources%2FGovernment_Contracts%2FJanes%20Defence%20Intelligence.md,My_Data,Active,Government_Contracts,"High-value library-grade defense context when public procurement data shows spending flow but not program importance, capability impact, or market structure.","[""defense"",""aerospace"",""osint"",""industry""]",https://www.janes.com/defence-intelligence,My_Data,DataSource;SourceItem
mydata:datasource:kalshi-market-data,2026-06-01,Kalshi Market Data,API,,DataSources,,Kalshi Market Data,Kalshi Market Data,datasource,obsidian://open?vault=My_Data&file=01_Data_Sources%2FPrediction_Markets%2FKalshi%20Market%20Data.md,,01_Data_Sources/Prediction_Markets/Kalshi Market Data.md,,,01_Data_Sources,C:\Users\CaveUser\Documents\Obsidian Vault\My_Data\01_Data_Sources\Prediction_Markets\Kalshi Market Data.md,My_Data,01_Data_Sources,C:\Users\CaveUser\Documents\Obsidian Vault\My_Data\01_Data_Sources\Prediction_Markets\Kalshi Market Data.md,01_Data_Sources/Prediction_Markets/Kalshi Market Data.md,obsidian://open?vault=My_Data&file=01_Data_Sources%2FPrediction_Markets%2FKalshi%20Market%20Data.md,My_Data,Active,Prediction_Markets,More formal event-contract source,"[""prediction-markets""]",,My_Data,DataSource;SourceItem
mydata:datasource:leaker,2026-06-01,Leaker,CLI (OSS),,DataSources,,Leaker,Leaker,datasource,obsidian://open?vault=My_Data&file=01_Data_Sources%2FOSINT%2FLeaker.md,vflame6 / GitHub OSS,01_Data_Sources/OSINT/Leaker.md,,,01_Data_Sources,C:\Users\CaveUser\Documents\Obsidian Vault\My_Data\01_Data_Sources\OSINT\Leaker.md,My_Data,01_Data_Sources,C:\Users\CaveUser\Documents\Obsidian Vault\My_Data\01_Data_Sources\OSINT\Leaker.md,01_Data_Sources/OSINT/Leaker.md,obsidian://open?vault=My_Data&file=01_Data_Sources%2FOSINT%2FLeaker.md,My_Data,Active,OSINT,"Passive-only CLI. Queries 10 breach databases simultaneously (HaveIBeenPwned, DeHashed, IntelX, and others). Much faster multi-source breach coverage than running individual tools. No active probing.","[""osint"",""company-risk"",""breach"",""credential-leak"",""passive-recon""]",https://github.com/vflame6/leaker,My_Data,DataSource;SourceItem
mydata:datasource:merklemap,2026-06-01,Merklemap,API (Web),,DataSources,,Merklemap,Merklemap,datasource,obsidian://open?vault=My_Data&file=01_Data_Sources%2FOSINT%2FMerklemap.md,Merklemap (merklemap.com),01_Data_Sources/OSINT/Merklemap.md,,,01_Data_Sources,C:\Users\CaveUser\Documents\Obsidian Vault\My_Data\01_Data_Sources\OSINT\Merklemap.md,My_Data,01_Data_Sources,C:\Users\CaveUser\Documents\Obsidian Vault\My_Data\01_Data_Sources\OSINT\Merklemap.md,01_Data_Sources/OSINT/Merklemap.md,obsidian://open?vault=My_Data&file=01_Data_Sources%2FOSINT%2FMerklemap.md,My_Data,Active,OSINT,"Passive, no active probing. Uses certificate transparency logs (CT logs) — entirely public data. Free API tier. Best used alongside Amass to cover cert-transparency specifically without running active DNS enumeration.","[""osint"",""infrastructure"",""subdomain"",""certificate-transparency"",""passive-recon"",""company-risk""]",https://www.merklemap.com,My_Data,DataSource;SourceItem
mydata:datasource:mortgage-bankers-association,2026-06-01,Mortgage Bankers Association,API,,DataSources,,Mortgage Bankers Association,Mortgage Bankers Association,datasource,obsidian://open?vault=My_Data&file=01_Data_Sources%2FHousing_Real_Estate%2FMortgage%20Bankers%20Association.md,MBA,01_Data_Sources/Housing_Real_Estate/Mortgage Bankers Association.md,,,01_Data_Sources,C:\Users\CaveUser\Documents\Obsidian Vault\My_Data\01_Data_Sources\Housing_Real_Estate\Mortgage Bankers Association.md,My_Data,01_Data_Sources,C:\Users\CaveUser\Documents\Obsidian Vault\My_Data\01_Data_Sources\Housing_Real_Estate\Mortgage Bankers Association.md,01_Data_Sources/Housing_Real_Estate/Mortgage Bankers Association.md,obsidian://open?vault=My_Data&file=01_Data_Sources%2FHousing_Real_Estate%2FMortgage%20Bankers%20Association.md,My_Data,Active,Housing_Real_Estate,"Weekly application survey is widely cited. Some data free via FRED, deeper data requires membership.","[""housing"",""mortgage"",""credit"",""rates""]",https://www.mba.org/news-and-research,My_Data,DataSource;SourceItem
mydata:datasource:nahb-wells-fargo-housing-market-index,2026-06-01,NAHB Wells Fargo Housing Market Index,Dataset,,DataSources,,NAHB Wells Fargo Housing Market Index,NAHB Wells Fargo Housing Market Index,datasource,obsidian://open?vault=My_Data&file=01_Data_Sources%2FHousing_Real_Estate%2FNAHB%20Wells%20Fargo%20Housing%20Market%20Index.md,National Association of Home Builders / Wells Fargo,01_Data_Sources/Housing_Real_Estate/NAHB Wells Fargo Housing Market Index.md,,,01_Data_Sources,C:\Users\CaveUser\Documents\Obsidian Vault\My_Data\01_Data_Sources\Housing_Real_Estate\NAHB Wells Fargo Housing Market Index.md,My_Data,01_Data_Sources,C:\Users\CaveUser\Documents\Obsidian Vault\My_Data\01_Data_Sources\Housing_Real_Estate\NAHB Wells Fargo Housing Market Index.md,01_Data_Sources/Housing_Real_Estate/NAHB Wells Fargo Housing Market Index.md,obsidian://open?vault=My_Data&file=01_Data_Sources%2FHousing_Real_Estate%2FNAHB%20Wells%20Fargo%20Housing%20Market%20Index.md,My_Data,Active,Housing_Real_Estate,Primary manual source for the unresolved Builder Confidence Index used in the housing thesis stack.,"[""housing"",""builder-sentiment"",""macro"",""surveys""]",https://www.nahb.org/news-and-economics/housing-economics/indices/housing-market-index,My_Data,DataSource;SourceItem
mydata:datasource:nasa-power,2026-06-01,NASA POWER,API,,DataSources,,NASA POWER,NASA POWER,datasource,obsidian://open?vault=My_Data&file=01_Data_Sources%2FClimate_Energy%2FNASA%20POWER.md,NASA,01_Data_Sources/Climate_Energy/NASA POWER.md,,,01_Data_Sources,C:\Users\CaveUser\Documents\Obsidian Vault\My_Data\01_Data_Sources\Climate_Energy\NASA POWER.md,My_Data,01_Data_Sources,C:\Users\CaveUser\Documents\Obsidian Vault\My_Data\01_Data_Sources\Climate_Energy\NASA POWER.md,01_Data_Sources/Climate_Energy/NASA POWER.md,obsidian://open?vault=My_Data&file=01_Data_Sources%2FClimate_Energy%2FNASA%20POWER.md,My_Data,Active,Climate_Energy,Satellite-derived data for any location on Earth. Great for site-specific renewable energy assessment.,"[""climate-energy"",""solar"",""wind"",""geospatial""]",https://power.larc.nasa.gov/,My_Data,DataSource;SourceItem
mydata:datasource:nasdaq-data-link,2026-06-01,Nasdaq Data Link,API,,DataSources,,Nasdaq Data Link,Nasdaq Data Link,datasource,obsidian://open?vault=My_Data&file=01_Data_Sources%2FMarket_Data%2FNasdaq%20Data%20Link.md,Nasdaq,01_Data_Sources/Market_Data/Nasdaq Data Link.md,,,01_Data_Sources,C:\Users\CaveUser\Documents\Obsidian Vault\My_Data\01_Data_Sources\Market_Data\Nasdaq Data Link.md,My_Data,01_Data_Sources,C:\Users\CaveUser\Documents\Obsidian Vault\My_Data\01_Data_Sources\Market_Data\Nasdaq Data Link.md,01_Data_Sources/Market_Data/Nasdaq Data Link.md,obsidian://open?vault=My_Data&file=01_Data_Sources%2FMarket_Data%2FNasdaq%20Data%20Link.md,My_Data,Active,Market_Data,,"[""market-data"",""time-series"",""economic"",""quandl"",""freemium""]",https://data.nasdaq.com/,My_Data,DataSource;SourceItem
mydata:datasource:newsapi,2026-06-01,NewsAPI,API,,DataSources,,NewsAPI,NewsAPI,datasource,obsidian://open?vault=My_Data&file=01_Data_Sources%2FNews_Media%2FNewsAPI.md,,01_Data_Sources/News_Media/NewsAPI.md,,,01_Data_Sources,C:\Users\CaveUser\Documents\Obsidian Vault\My_Data\01_Data_Sources\News_Media\NewsAPI.md,My_Data,01_Data_Sources,C:\Users\CaveUser\Documents\Obsidian Vault\My_Data\01_Data_Sources\News_Media\NewsAPI.md,01_Data_Sources/News_Media/NewsAPI.md,obsidian://open?vault=My_Data&file=01_Data_Sources%2FNews_Media%2FNewsAPI.md,My_Data,Active,News_Media,Free tier limited but useful,"[""news-media""]",,My_Data,DataSource;SourceItem
mydata:datasource:nexis-uni,2026-06-01,Nexis Uni,Research Platform,,DataSources,,Nexis Uni,Nexis Uni,datasource,obsidian://open?vault=My_Data&file=01_Data_Sources%2FNews_Media%2FNexis%20Uni.md,LexisNexis,01_Data_Sources/News_Media/Nexis Uni.md,,,01_Data_Sources,C:\Users\CaveUser\Documents\Obsidian Vault\My_Data\01_Data_Sources\News_Media\Nexis Uni.md,My_Data,01_Data_Sources,C:\Users\CaveUser\Documents\Obsidian Vault\My_Data\01_Data_Sources\News_Media\Nexis Uni.md,01_Data_Sources/News_Media/Nexis Uni.md,obsidian://open?vault=My_Data&file=01_Data_Sources%2FNews_Media%2FNexis%20Uni.md,My_Data,Active,News_Media,"Useful university-access backfill when headline APIs miss policy, legal, or specialized business coverage relevant to a thesis.","[""news"",""legal"",""business"",""library""]",https://www.lexisnexis.com/en-int/products/nexis-uni,My_Data,DataSource;SourceItem
mydata:datasource:noaa-climate-data-online,2026-06-01,NOAA Climate Data Online,API,,DataSources,,NOAA Climate Data Online,NOAA Climate Data Online,datasource,obsidian://open?vault=My_Data&file=01_Data_Sources%2FClimate_Energy%2FNOAA%20Climate%20Data%20Online.md,National Oceanic and Atmospheric Administration,01_Data_Sources/Climate_Energy/NOAA Climate Data Online.md,,,01_Data_Sources,C:\Users\CaveUser\Documents\Obsidian Vault\My_Data\01_Data_Sources\Climate_Energy\NOAA Climate Data Online.md,My_Data,01_Data_Sources,C:\Users\CaveUser\Documents\Obsidian Vault\My_Data\01_Data_Sources\Climate_Energy\NOAA Climate Data Online.md,01_Data_Sources/Climate_Energy/NOAA Climate Data Online.md,obsidian://open?vault=My_Data&file=01_Data_Sources%2FClimate_Energy%2FNOAA%20Climate%20Data%20Online.md,My_Data,Active,Climate_Energy,Primary source for U.S. climate/weather data. Pairs with energy data for impact analysis.,"[""climate-energy"",""weather"",""temperature"",""extreme-events""]",https://www.ncdc.noaa.gov/cdo-web/,My_Data,DataSource;SourceItem
mydata:datasource:noaa-storm-events,2026-06-01,NOAA Storm Events Database,Download,,DataSources,,NOAA Storm Events Database,NOAA Storm Events Database,datasource,obsidian://open?vault=My_Data&file=01_Data_Sources%2FClimate_Energy%2FNOAA%20Storm%20Events.md,NOAA / NCEI,01_Data_Sources/Climate_Energy/NOAA Storm Events.md,,,01_Data_Sources,C:\Users\CaveUser\Documents\Obsidian Vault\My_Data\01_Data_Sources\Climate_Energy\NOAA Storm Events.md,My_Data,01_Data_Sources,C:\Users\CaveUser\Documents\Obsidian Vault\My_Data\01_Data_Sources\Climate_Energy\NOAA Storm Events.md,01_Data_Sources/Climate_Energy/NOAA Storm Events.md,obsidian://open?vault=My_Data&file=01_Data_Sources%2FClimate_Energy%2FNOAA%20Storm%20Events.md,My_Data,Active,Climate_Energy,,"[""climate"",""storms"",""disaster"",""property-damage"",""noaa"",""free""]",https://www.ncdc.noaa.gov/stormevents/,My_Data,DataSource;SourceItem
mydata:datasource:nvca-public-reports,2026-06-01,NVCA Public Reports,API,,DataSources,,NVCA Public Reports,NVCA Public Reports,datasource,obsidian://open?vault=My_Data&file=01_Data_Sources%2FPrivate_Markets_VC%2FNVCA%20Public%20Reports.md,National Venture Capital Association,01_Data_Sources/Private_Markets_VC/NVCA Public Reports.md,,,01_Data_Sources,C:\Users\CaveUser\Documents\Obsidian Vault\My_Data\01_Data_Sources\Private_Markets_VC\NVCA Public Reports.md,My_Data,01_Data_Sources,C:\Users\CaveUser\Documents\Obsidian Vault\My_Data\01_Data_Sources\Private_Markets_VC\NVCA Public Reports.md,01_Data_Sources/Private_Markets_VC/NVCA Public Reports.md,obsidian://open?vault=My_Data&file=01_Data_Sources%2FPrivate_Markets_VC%2FNVCA%20Public%20Reports.md,My_Data,Active,Private_Markets_VC,Quarterly and annual reports on VC activity. Good for macro-level private market context.,"[""private-markets"",""vc"",""industry-stats""]",https://nvca.org/research/,My_Data,DataSource;SourceItem
mydata:datasource:occ-open-interest,2026-06-01,OCC Open Interest,Dataset,,DataSources,,OCC Open Interest,OCC Open Interest,datasource,obsidian://open?vault=My_Data&file=01_Data_Sources%2FMarket_Data%2FOCC%20Open%20Interest.md,Options Clearing Corporation,01_Data_Sources/Market_Data/OCC Open Interest.md,,,01_Data_Sources,C:\Users\CaveUser\Documents\Obsidian Vault\My_Data\01_Data_Sources\Market_Data\OCC Open Interest.md,My_Data,01_Data_Sources,C:\Users\CaveUser\Documents\Obsidian Vault\My_Data\01_Data_Sources\Market_Data\OCC Open Interest.md,01_Data_Sources/Market_Data/OCC Open Interest.md,obsidian://open?vault=My_Data&file=01_Data_Sources%2FMarket_Data%2FOCC%20Open%20Interest.md,My_Data,Watching,Market_Data,"Open interest is an observed input, but dealer gamma direction is still modeled.","[""data_source"",""occ"",""options"",""open-interest"",""dealer-gamma""]",https://www.theocc.com/market-data,My_Data,DataSource;SourceItem
mydata:datasource:octosuite,2026-06-01,octosuite,CLI (OSS),,DataSources,,octosuite,octosuite,datasource,obsidian://open?vault=My_Data&file=01_Data_Sources%2FOSINT%2Foctosuite.md,Bellingcat / GitHub OSS,01_Data_Sources/OSINT/octosuite.md,,,01_Data_Sources,C:\Users\CaveUser\Documents\Obsidian Vault\My_Data\01_Data_Sources\OSINT\octosuite.md,My_Data,01_Data_Sources,C:\Users\CaveUser\Documents\Obsidian Vault\My_Data\01_Data_Sources\OSINT\octosuite.md,01_Data_Sources/OSINT/octosuite.md,obsidian://open?vault=My_Data&file=01_Data_Sources%2FOSINT%2Foctosuite.md,My_Data,Active,OSINT,"Bellingcat tool (1888★). Terminal-based Python toolkit for GitHub org/user data analysis. Surfaces open-source product velocity, team structure, and stealth launches. Particularly useful for AI and semiconductor theses where GitHub activity often leads product announcements.","[""osint"",""github"",""company-risk"",""tech-thesis"",""developer-intelligence"",""bellingcat""]",https://github.com/bellingcat/octosuite,My_Data,DataSource;SourceItem
mydata:datasource:opencorporates,2026-06-01,OpenCorporates,API,,DataSources,,OpenCorporates,OpenCorporates,datasource,obsidian://open?vault=My_Data&file=01_Data_Sources%2FOSINT%2FOpenCorporates.md,OpenCorporates Ltd,01_Data_Sources/OSINT/OpenCorporates.md,,,01_Data_Sources,C:\Users\CaveUser\Documents\Obsidian Vault\My_Data\01_Data_Sources\OSINT\OpenCorporates.md,My_Data,01_Data_Sources,C:\Users\CaveUser\Documents\Obsidian Vault\My_Data\01_Data_Sources\OSINT\OpenCorporates.md,01_Data_Sources/OSINT/OpenCorporates.md,obsidian://open?vault=My_Data&file=01_Data_Sources%2FOSINT%2FOpenCorporates.md,My_Data,Active,OSINT,"Free API: 500 req/day, basic company search. Paid API unlocks beneficial ownership graph, bulk queries, and officer networks. Most valuable for 12_Company_Risk/ entity enrichment.","[""osint"",""company-risk"",""beneficial-ownership"",""corporate-intelligence"",""api""]",https://opencorporates.com,My_Data,DataSource;SourceItem
mydata:datasource:openfda-food-enforcement,2026-06-01,openFDA Food Enforcement,API,,DataSources,,openFDA Food Enforcement,openFDA Food Enforcement,datasource,obsidian://open?vault=My_Data&file=01_Data_Sources%2FBiotech_Healthcare%2FopenFDA%20Food%20Enforcement.md,FDA,01_Data_Sources/Biotech_Healthcare/openFDA Food Enforcement.md,,,01_Data_Sources,C:\Users\CaveUser\Documents\Obsidian Vault\My_Data\01_Data_Sources\Biotech_Healthcare\openFDA Food Enforcement.md,My_Data,01_Data_Sources,C:\Users\CaveUser\Documents\Obsidian Vault\My_Data\01_Data_Sources\Biotech_Healthcare\openFDA Food Enforcement.md,01_Data_Sources/Biotech_Healthcare/openFDA Food Enforcement.md,obsidian://open?vault=My_Data&file=01_Data_Sources%2FBiotech_Healthcare%2FopenFDA%20Food%20Enforcement.md,My_Data,Active,Biotech_Healthcare,Used by the Bioengineered Food Systems thesis puller as a food-safety and regulatory-risk pulse.,"[""biotech-healthcare"",""food-safety"",""fda"",""biofood""]",https://open.fda.gov/apis/food/enforcement/,My_Data,DataSource;SourceItem
mydata:datasource:openfema-api,2026-06-01,OpenFEMA API,API,,DataSources,,OpenFEMA API,OpenFEMA API,datasource,obsidian://open?vault=My_Data&file=01_Data_Sources%2FGovernment_Contracts%2FOpenFEMA%20API.md,FEMA / DHS,01_Data_Sources/Government_Contracts/OpenFEMA API.md,,,01_Data_Sources,C:\Users\CaveUser\Documents\Obsidian Vault\My_Data\01_Data_Sources\Government_Contracts\OpenFEMA API.md,My_Data,01_Data_Sources,C:\Users\CaveUser\Documents\Obsidian Vault\My_Data\01_Data_Sources\Government_Contracts\OpenFEMA API.md,01_Data_Sources/Government_Contracts/OpenFEMA API.md,obsidian://open?vault=My_Data&file=01_Data_Sources%2FGovernment_Contracts%2FOpenFEMA%20API.md,My_Data,Active,Government_Contracts,Disaster declarations feed used in the morning sequence and housing risk overlays.,"[""government"",""disaster"",""fema"",""housing-risk"",""climate"",""free""]",https://www.fema.gov/about/openfema/api,My_Data,DataSource;SourceItem
mydata:datasource:openstreetmap,2026-06-01,OpenStreetMap,API,,DataSources,,OpenStreetMap,OpenStreetMap,datasource,obsidian://open?vault=My_Data&file=01_Data_Sources%2FGeospatial%2FOpenStreetMap.md,,01_Data_Sources/Geospatial/OpenStreetMap.md,,,01_Data_Sources,C:\Users\CaveUser\Documents\Obsidian Vault\My_Data\01_Data_Sources\Geospatial\OpenStreetMap.md,My_Data,01_Data_Sources,C:\Users\CaveUser\Documents\Obsidian Vault\My_Data\01_Data_Sources\Geospatial\OpenStreetMap.md,01_Data_Sources/Geospatial/OpenStreetMap.md,obsidian://open?vault=My_Data&file=01_Data_Sources%2FGeospatial%2FOpenStreetMap.md,My_Data,Active,Geospatial,Excellent base map layer,"[""geospatial""]",,My_Data,DataSource;SourceItem
mydata:datasource:openvc,2026-06-01,OpenVC,API,,DataSources,,OpenVC,OpenVC,datasource,obsidian://open?vault=My_Data&file=01_Data_Sources%2FPrivate_Markets_VC%2FOpenVC.md,OpenVC (open source),01_Data_Sources/Private_Markets_VC/OpenVC.md,,,01_Data_Sources,C:\Users\CaveUser\Documents\Obsidian Vault\My_Data\01_Data_Sources\Private_Markets_VC\OpenVC.md,My_Data,01_Data_Sources,C:\Users\CaveUser\Documents\Obsidian Vault\My_Data\01_Data_Sources\Private_Markets_VC\OpenVC.md,01_Data_Sources/Private_Markets_VC/OpenVC.md,obsidian://open?vault=My_Data&file=01_Data_Sources%2FPrivate_Markets_VC%2FOpenVC.md,My_Data,Active,Private_Markets_VC,Open-source VC database. Useful for mapping the investor landscape. Community-maintained.,"[""private-markets"",""vc"",""funds""]",https://openvc.app/,My_Data,DataSource;SourceItem
mydata:datasource:osm-search,2026-06-01,OSM Search (Bellingcat),CLI/Web (OSS),,DataSources,,OSM Search (Bellingcat),OSM Search (Bellingcat),datasource,obsidian://open?vault=My_Data&file=01_Data_Sources%2FOSINT%2Fosm-search.md,Bellingcat / GitHub OSS,01_Data_Sources/OSINT/osm-search.md,,,01_Data_Sources,C:\Users\CaveUser\Documents\Obsidian Vault\My_Data\01_Data_Sources\OSINT\osm-search.md,My_Data,01_Data_Sources,C:\Users\CaveUser\Documents\Obsidian Vault\My_Data\01_Data_Sources\OSINT\osm-search.md,01_Data_Sources/OSINT/osm-search.md,obsidian://open?vault=My_Data&file=01_Data_Sources%2FOSINT%2Fosm-search.md,My_Data,Active,OSINT,Bellingcat tool (205★). User-friendly OSM query interface for proximity searches. Complements the existing OpenStreetMap source note. No API key needed. GeoJSON output.,"[""osint"",""geospatial"",""openstreetmap"",""proximity-analysis"",""bellingcat""]",https://github.com/bellingcat/osm-search,My_Data,DataSource;SourceItem
mydata:datasource:otx-alienvault,2026-06-01,OTX AlienVault,API,,DataSources,,OTX AlienVault,OTX AlienVault,datasource,obsidian://open?vault=My_Data&file=01_Data_Sources%2FOSINT%2FOTX-AlienVault.md,AT&T Cybersecurity / AlienVault,01_Data_Sources/OSINT/OTX-AlienVault.md,,,01_Data_Sources,C:\Users\CaveUser\Documents\Obsidian Vault\My_Data\01_Data_Sources\OSINT\OTX-AlienVault.md,My_Data,01_Data_Sources,C:\Users\CaveUser\Documents\Obsidian Vault\My_Data\01_Data_Sources\OSINT\OTX-AlienVault.md,01_Data_Sources/OSINT/OTX-AlienVault.md,obsidian://open?vault=My_Data&file=01_Data_Sources%2FOSINT%2FOTX-AlienVault.md,My_Data,Active,OSINT,"Free API. 100+ req/min. OTX Python SDK available (pip install OTXv2). Subscribe to threat pulses by industry (finance, healthcare, defense). Feeds SpiderFoot modules automatically if key is configured.","[""osint"",""threat-intelligence"",""cybersecurity"",""company-risk"",""api""]",https://otx.alienvault.com,My_Data,DataSource;SourceItem
mydata:datasource:phantom-tide,2026-06-01,Phantom Tide,CLI/Dashboard (OSS),,DataSources,,Phantom Tide,Phantom Tide,datasource,obsidian://open?vault=My_Data&file=01_Data_Sources%2FOSINT%2FPhantom-Tide.md,tg12 / GitHub OSS,01_Data_Sources/OSINT/Phantom-Tide.md,,,01_Data_Sources,C:\Users\CaveUser\Documents\Obsidian Vault\My_Data\01_Data_Sources\OSINT\Phantom-Tide.md,My_Data,01_Data_Sources,C:\Users\CaveUser\Documents\Obsidian Vault\My_Data\01_Data_Sources\OSINT\Phantom-Tide.md,01_Data_Sources/OSINT/Phantom-Tide.md,obsidian://open?vault=My_Data&file=01_Data_Sources%2FOSINT%2FPhantom-Tide.md,My_Data,Active,OSINT,Self-hosted Python dashboard. Combines what VesselFinder and ADS-B cover separately into one cross-domain view. Run locally for on-demand situational snapshots.,"[""osint"",""maritime"",""airspace"",""supply-chain"",""geopolitical"",""cross-domain""]",https://github.com/tg12/phantomtide,My_Data,DataSource;SourceItem
mydata:datasource:pitchbook-news,2026-06-01,PitchBook News,API,,DataSources,,PitchBook News,PitchBook News,datasource,obsidian://open?vault=My_Data&file=01_Data_Sources%2FPrivate_Markets_VC%2FPitchBook%20News.md,PitchBook (Morningstar),01_Data_Sources/Private_Markets_VC/PitchBook News.md,,,01_Data_Sources,C:\Users\CaveUser\Documents\Obsidian Vault\My_Data\01_Data_Sources\Private_Markets_VC\PitchBook News.md,My_Data,01_Data_Sources,C:\Users\CaveUser\Documents\Obsidian Vault\My_Data\01_Data_Sources\Private_Markets_VC\PitchBook News.md,01_Data_Sources/Private_Markets_VC/PitchBook News.md,obsidian://open?vault=My_Data&file=01_Data_Sources%2FPrivate_Markets_VC%2FPitchBook%20News.md,My_Data,Active,Private_Markets_VC,News and commentary are free. Full platform data requires enterprise subscription.,"[""private-markets"",""vc"",""analysis""]",https://pitchbook.com/news,My_Data,DataSource;SourceItem
mydata:datasource:polymarket-market-data,2026-06-01,Polymarket Market Data,API,,DataSources,,Polymarket Market Data,Polymarket Market Data,datasource,obsidian://open?vault=My_Data&file=01_Data_Sources%2FPrediction_Markets%2FPolymarket%20Market%20Data.md,,01_Data_Sources/Prediction_Markets/Polymarket Market Data.md,,,01_Data_Sources,C:\Users\CaveUser\Documents\Obsidian Vault\My_Data\01_Data_Sources\Prediction_Markets\Polymarket Market Data.md,My_Data,01_Data_Sources,C:\Users\CaveUser\Documents\Obsidian Vault\My_Data\01_Data_Sources\Prediction_Markets\Polymarket Market Data.md,01_Data_Sources/Prediction_Markets/Polymarket Market Data.md,obsidian://open?vault=My_Data&file=01_Data_Sources%2FPrediction_Markets%2FPolymarket%20Market%20Data.md,My_Data,Active,Prediction_Markets,Public data is often enough for prototypes,"[""prediction-markets""]",,My_Data,DataSource;SourceItem
mydata:datasource:proquest-congressional,2026-06-01,ProQuest Congressional,Research Platform,,DataSources,,ProQuest Congressional,ProQuest Congressional,datasource,obsidian://open?vault=My_Data&file=01_Data_Sources%2FLegal_Courts%2FProQuest%20Congressional.md,ProQuest,01_Data_Sources/Legal_Courts/ProQuest Congressional.md,,,01_Data_Sources,C:\Users\CaveUser\Documents\Obsidian Vault\My_Data\01_Data_Sources\Legal_Courts\ProQuest Congressional.md,My_Data,01_Data_Sources,C:\Users\CaveUser\Documents\Obsidian Vault\My_Data\01_Data_Sources\Legal_Courts\ProQuest Congressional.md,01_Data_Sources/Legal_Courts/ProQuest Congressional.md,obsidian://open?vault=My_Data&file=01_Data_Sources%2FLegal_Courts%2FProQuest%20Congressional.md,My_Data,Active,Legal_Courts,"Best library-grade source for congressional hearings, CRS context, and legislative history when public agency pages do not explain why a policy move matters.","[""congress"",""policy"",""regulation"",""library""]",https://about.proquest.com/en/products-services/proquest-congressional/,My_Data,DataSource;SourceItem
mydata:datasource:pubmed-api,2026-06-01,PubMed API,API,,DataSources,,PubMed API,PubMed API,datasource,obsidian://open?vault=My_Data&file=01_Data_Sources%2FFrontier_Science%2FPubMed%20API.md,NCBI / National Library of Medicine,01_Data_Sources/Frontier_Science/PubMed API.md,,,01_Data_Sources,C:\Users\CaveUser\Documents\Obsidian Vault\My_Data\01_Data_Sources\Frontier_Science\PubMed API.md,My_Data,01_Data_Sources,C:\Users\CaveUser\Documents\Obsidian Vault\My_Data\01_Data_Sources\Biotech_Healthcare\PubMed API.md,01_Data_Sources/Biotech_Healthcare/PubMed API.md,obsidian://open?vault=My_Data&file=01_Data_Sources%2FBiotech_Healthcare%2FPubMed%20API.md,My_Data,active,Frontier_Science,"Peer-reviewed biomedical literature metadata source used for biotech, clinical, and frontier-science thesis evidence.","[""frontier-science"",""pubmed"",""research"",""biotech"",""life-sciences""]",https://eutils.ncbi.nlm.nih.gov/entrez/eutils/,My_Data,DataSource;SourceItem
mydata:datasource:pullpush-reddit,2026-06-01,PullPush Reddit Archive,API,,DataSources,,PullPush Reddit Archive,PullPush Reddit Archive,datasource,obsidian://open?vault=My_Data&file=01_Data_Sources%2FSocial_Sentiment%2FPullPush-Reddit.md,PullPush.io (community),01_Data_Sources/Social_Sentiment/PullPush-Reddit.md,,,01_Data_Sources,C:\Users\CaveUser\Documents\Obsidian Vault\My_Data\01_Data_Sources\Social_Sentiment\PullPush-Reddit.md,My_Data,01_Data_Sources,C:\Users\CaveUser\Documents\Obsidian Vault\My_Data\01_Data_Sources\Social_Sentiment\PullPush-Reddit.md,01_Data_Sources/Social_Sentiment/PullPush-Reddit.md,obsidian://open?vault=My_Data&file=01_Data_Sources%2FSocial_Sentiment%2FPullPush-Reddit.md,My_Data,Active,Social_Sentiment,No API key required. Free and open. Complementary to live Reddit API — PullPush provides historical depth while the live API provides recency. Base URL: https://api.pullpush.io/reddit/search/submission/,"[""social-sentiment"",""historical-data"",""reddit"",""narrative-tracking""]",https://pullpush.io,My_Data,DataSource;SourceItem
mydata:pull:2026-03-31-nasdaq-all-sectors-micro-small-cap-search,2026-06-01,All Sectors Micro/Small Cap Search - NASDAQ,screen,2026-03-31,Evidence,on-demand,All Sectors Micro/Small Cap Search - NASDAQ,All Sectors Micro/Small Cap Search - NASDAQ,pull,obsidian://open?vault=My_Data&file=05_Data_Pulls%2F_archive%2F2026-03%2F2026-03-31_NASDAQ_All_Sectors_Micro_Small_Cap_Search.md,Nasdaq Public Screener,05_Data_Pulls/_archive/2026-03/2026-03-31_NASDAQ_All_Sectors_Micro_Small_Cap_Search.md,clear,Nasdaq Public Screener,05_Data_Pulls,C:\Users\CaveUser\Documents\Obsidian Vault\My_Data\05_Data_Pulls\_archive\2026-03\2026-03-31_NASDAQ_All_Sectors_Micro_Small_Cap_Search.md,My_Data,05_Data_Pulls,C:\Users\CaveUser\Documents\Obsidian Vault\My_Data\05_Data_Pulls\_archive\2026-03\2026-03-31_NASDAQ_All_Sectors_Micro_Small_Cap_Search.md,05_Data_Pulls/_archive/2026-03/2026-03-31_NASDAQ_All_Sectors_Micro_Small_Cap_Search.md,obsidian://open?vault=My_Data&file=05_Data_Pulls%2F_archive%2F2026-03%2F2026-03-31_NASDAQ_All_Sectors_Micro_Small_Cap_Search.md,My_Data,legacy,_archive,,"[""equities"",""screener"",""micro-cap"",""small-cap"",""nasdaq""]",,My_Data,Domain;DataSource;SourceItem;MetricSnapshot;MetricDefinition
mydata:datasource:realtor-com-research,2026-06-01,Realtor.com Research,API,,DataSources,,Realtor.com Research,Realtor.com Research,datasource,obsidian://open?vault=My_Data&file=01_Data_Sources%2FHousing_Real_Estate%2FRealtor.com%20Research.md,Realtor.com (Move Inc.),01_Data_Sources/Housing_Real_Estate/Realtor.com Research.md,,,01_Data_Sources,C:\Users\CaveUser\Documents\Obsidian Vault\My_Data\01_Data_Sources\Housing_Real_Estate\Realtor.com Research.md,My_Data,01_Data_Sources,C:\Users\CaveUser\Documents\Obsidian Vault\My_Data\01_Data_Sources\Housing_Real_Estate\Realtor.com Research.md,01_Data_Sources/Housing_Real_Estate/Realtor.com Research.md,obsidian://open?vault=My_Data&file=01_Data_Sources%2FHousing_Real_Estate%2FRealtor.com%20Research.md,My_Data,Active,Housing_Real_Estate,Useful for active listing data and market hotness scores. Good complement to sold-data sources like Redfin.,"[""housing"",""inventory"",""listings"",""metro""]",https://www.realtor.com/research/data/,My_Data,DataSource;SourceItem
mydata:datasource:recon-ng,2026-06-01,Recon-ng,CLI,,DataSources,,Recon-ng,Recon-ng,datasource,obsidian://open?vault=My_Data&file=01_Data_Sources%2FOSINT%2FRecon-ng.md,lanmaster53 / Open Source,01_Data_Sources/OSINT/Recon-ng.md,,,01_Data_Sources,C:\Users\CaveUser\Documents\Obsidian Vault\My_Data\01_Data_Sources\OSINT\Recon-ng.md,My_Data,01_Data_Sources,C:\Users\CaveUser\Documents\Obsidian Vault\My_Data\01_Data_Sources\OSINT\Recon-ng.md,01_Data_Sources/OSINT/Recon-ng.md,obsidian://open?vault=My_Data&file=01_Data_Sources%2FOSINT%2FRecon-ng.md,My_Data,Active,OSINT,Modular framework like Metasploit for OSINT. No REST API — invoked via Python CLI. Outputs to SQLite workspace or CSV/JSON. Passive modules only for investment use.,"[""osint"",""company-risk"",""personnel-intelligence"",""passive-recon""]",https://github.com/lanmaster53/recon-ng,My_Data,DataSource;SourceItem
mydata:datasource:reddit-api,2026-06-01,Reddit API,API,,DataSources,,Reddit API,Reddit API,datasource,obsidian://open?vault=My_Data&file=01_Data_Sources%2FSocial_Sentiment%2FReddit%20API.md,Reddit Inc.,01_Data_Sources/Social_Sentiment/Reddit API.md,,,01_Data_Sources,C:\Users\CaveUser\Documents\Obsidian Vault\My_Data\01_Data_Sources\Social_Sentiment\Reddit API.md,My_Data,01_Data_Sources,C:\Users\CaveUser\Documents\Obsidian Vault\My_Data\01_Data_Sources\Social_Sentiment\Reddit API.md,01_Data_Sources/Social_Sentiment/Reddit API.md,obsidian://open?vault=My_Data&file=01_Data_Sources%2FSocial_Sentiment%2FReddit%20API.md,My_Data,Active,Social_Sentiment,Public JSON API requires no auth (1 req/sec). OAuth with REDDIT_CLIENT_ID + REDDIT_CLIENT_SECRET unlocks 60 req/min. Script: node run.mjs pull reddit --subreddit wallstreetbets --query AAPL. Thesis-aware mode: --thesis flag auto-maps to relevant subreddits.,"[""social-sentiment"",""retail-sentiment"",""narrative-tracking"",""thesis-signals""]",https://www.reddit.com/dev/api/,My_Data,DataSource;SourceItem
mydata:datasource:redfin-data-center,2026-06-01,Redfin Data Center,API,,DataSources,,Redfin Data Center,Redfin Data Center,datasource,obsidian://open?vault=My_Data&file=01_Data_Sources%2FHousing_Real_Estate%2FRedfin%20Data%20Center.md,Redfin,01_Data_Sources/Housing_Real_Estate/Redfin Data Center.md,,,01_Data_Sources,C:\Users\CaveUser\Documents\Obsidian Vault\My_Data\01_Data_Sources\Housing_Real_Estate\Redfin Data Center.md,My_Data,01_Data_Sources,C:\Users\CaveUser\Documents\Obsidian Vault\My_Data\01_Data_Sources\Housing_Real_Estate\Redfin Data Center.md,01_Data_Sources/Housing_Real_Estate/Redfin Data Center.md,obsidian://open?vault=My_Data&file=01_Data_Sources%2FHousing_Real_Estate%2FRedfin%20Data%20Center.md,My_Data,Active,Housing_Real_Estate,Free CSV downloads with weekly/monthly metro data. Complements Zillow with different methodology.,"[""housing"",""prices"",""metro"",""inventory"",""speed""]",https://www.redfin.com/news/data-center/,My_Data,DataSource;SourceItem
mydata:datasource:s-p-capital-iq-pro,2026-06-01,S&P Capital IQ Pro,Research Platform,,DataSources,,S&P Capital IQ Pro,S&P Capital IQ Pro,datasource,obsidian://open?vault=My_Data&file=01_Data_Sources%2FFundamentals%2FS%26P%20Capital%20IQ%20Pro.md,S&P Global Market Intelligence,01_Data_Sources/Fundamentals/S&P Capital IQ Pro.md,,,01_Data_Sources,C:\Users\CaveUser\Documents\Obsidian Vault\My_Data\01_Data_Sources\Fundamentals\S&P Capital IQ Pro.md,My_Data,01_Data_Sources,C:\Users\CaveUser\Documents\Obsidian Vault\My_Data\01_Data_Sources\Fundamentals\S&P Capital IQ Pro.md,01_Data_Sources/Fundamentals/S&P Capital IQ Pro.md,obsidian://open?vault=My_Data&file=01_Data_Sources%2FFundamentals%2FS%26P%20Capital%20IQ%20Pro.md,My_Data,Active,Fundamentals,"Best library-grade upgrade path when FMP coverage is directionally useful but the thesis needs estimates, revisions, ownership, or richer company-history context.","[""fundamentals"",""estimates"",""ownership"",""library""]",https://www.spglobal.com/market-intelligence/en/solutions/products/sp-capital-iq-pro,My_Data,DataSource;SourceItem
mydata:datasource:sam-gov,2026-06-01,SAM.gov,API,,DataSources,,SAM.gov,SAM.gov,datasource,obsidian://open?vault=My_Data&file=01_Data_Sources%2FGovernment_Contracts%2FSAM_Gov.md,U.S. General Services Administration,01_Data_Sources/Government_Contracts/SAM_Gov.md,,,01_Data_Sources,C:\Users\CaveUser\Documents\Obsidian Vault\My_Data\01_Data_Sources\Government_Contracts\SAM_Gov.md,My_Data,01_Data_Sources,C:\Users\CaveUser\Documents\Obsidian Vault\My_Data\01_Data_Sources\Government_Contracts\SAM_Gov.md,01_Data_Sources/Government_Contracts/SAM_Gov.md,obsidian://open?vault=My_Data&file=01_Data_Sources%2FGovernment_Contracts%2FSAM_Gov.md,My_Data,Active,Government_Contracts,Detailed operating note for the SAM.gov integration and pull commands.,"[""sam-gov"",""government-contracts"",""pre-award"",""entity-registration"",""opportunities""]",https://api.sam.gov,My_Data,DataSource;SourceItem
mydata:datasource:sam-gov-api,2026-06-01,SAM.gov API,API,,DataSources,,SAM.gov API,SAM.gov API,datasource,obsidian://open?vault=My_Data&file=01_Data_Sources%2FGovernment_Contracts%2FSAM.gov%20API.md,,01_Data_Sources/Government_Contracts/SAM.gov API.md,,,01_Data_Sources,C:\Users\CaveUser\Documents\Obsidian Vault\My_Data\01_Data_Sources\Government_Contracts\SAM.gov API.md,My_Data,01_Data_Sources,C:\Users\CaveUser\Documents\Obsidian Vault\My_Data\01_Data_Sources\Government_Contracts\SAM.gov API.md,01_Data_Sources/Government_Contracts/SAM.gov API.md,obsidian://open?vault=My_Data&file=01_Data_Sources%2FGovernment_Contracts%2FSAM.gov%20API.md,My_Data,Active,Government_Contracts,Essential free government source,"[""government-contracts""]",,My_Data,DataSource;SourceItem
mydata:datasource:sar-interference-tracker,2026-06-01,SAR Interference Tracker,Web Tool (Google Earth Engine),,DataSources,,SAR Interference Tracker,SAR Interference Tracker,datasource,obsidian://open?vault=My_Data&file=01_Data_Sources%2FOSINT%2FSAR-Interference-Tracker.md,Bellingcat / GitHub OSS,01_Data_Sources/OSINT/SAR-Interference-Tracker.md,,,01_Data_Sources,C:\Users\CaveUser\Documents\Obsidian Vault\My_Data\01_Data_Sources\OSINT\SAR-Interference-Tracker.md,My_Data,01_Data_Sources,C:\Users\CaveUser\Documents\Obsidian Vault\My_Data\01_Data_Sources\OSINT\SAR-Interference-Tracker.md,01_Data_Sources/OSINT/SAR-Interference-Tracker.md,obsidian://open?vault=My_Data&file=01_Data_Sources%2FOSINT%2FSAR-Interference-Tracker.md,My_Data,Active,OSINT,Bellingcat tool (553★). Runs in Google Earth Engine — requires a free GEE account. No local install needed. Reference/manual use during geopolitical escalation regime reviews. GPS jamming spikes have historically preceded military operations by days to weeks.,"[""osint"",""geopolitical"",""gps-jamming"",""satellite"",""electronic-warfare"",""bellingcat""]",https://github.com/bellingcat/sar-interference-tracker,My_Data,DataSource;SourceItem
mydata:datasource:sec-13f-data-sets,2026-06-01,SEC Form 13F Data Sets,Dataset,,DataSources,,SEC Form 13F Data Sets,SEC Form 13F Data Sets,datasource,obsidian://open?vault=My_Data&file=01_Data_Sources%2FFundamentals%2FSEC%2013F%20Data%20Sets.md,U.S. Securities and Exchange Commission,01_Data_Sources/Fundamentals/SEC 13F Data Sets.md,,,01_Data_Sources,C:\Users\CaveUser\Documents\Obsidian Vault\My_Data\01_Data_Sources\Fundamentals\SEC 13F Data Sets.md,My_Data,01_Data_Sources,C:\Users\CaveUser\Documents\Obsidian Vault\My_Data\01_Data_Sources\Fundamentals\SEC 13F Data Sets.md,01_Data_Sources/Fundamentals/SEC 13F Data Sets.md,obsidian://open?vault=My_Data&file=01_Data_Sources%2FFundamentals%2FSEC%2013F%20Data%20Sets.md,My_Data,Active,Fundamentals,Delayed long-only institutional filing data; never treat as a live hedge-fund book.,"[""data_source"",""sec"",""13f"",""institutional-positioning""]",https://www.sec.gov/data-research/sec-markets-data/form-13f-data-sets,My_Data,DataSource;SourceItem
mydata:datasource:sec-edgar-api,2026-06-01,SEC EDGAR API,API,,DataSources,,SEC EDGAR API,SEC EDGAR API,datasource,obsidian://open?vault=My_Data&file=01_Data_Sources%2FFundamentals%2FSEC%20EDGAR%20API.md,,01_Data_Sources/Fundamentals/SEC EDGAR API.md,,,01_Data_Sources,C:\Users\CaveUser\Documents\Obsidian Vault\My_Data\01_Data_Sources\Fundamentals\SEC EDGAR API.md,My_Data,01_Data_Sources,C:\Users\CaveUser\Documents\Obsidian Vault\My_Data\01_Data_Sources\Fundamentals\SEC EDGAR API.md,01_Data_Sources/Fundamentals/SEC EDGAR API.md,obsidian://open?vault=My_Data&file=01_Data_Sources%2FFundamentals%2FSEC%20EDGAR%20API.md,My_Data,Active,Fundamentals,Primary-source gold mine,"[""fundamentals""]",,My_Data,DataSource;SourceItem
mydata:datasource:sec-edgar-form-d-filings,2026-06-01,SEC EDGAR Form D Filings,API,,DataSources,,SEC EDGAR Form D Filings,SEC EDGAR Form D Filings,datasource,obsidian://open?vault=My_Data&file=01_Data_Sources%2FPrivate_Markets_VC%2FSEC%20EDGAR%20Form%20D%20Filings.md,U.S. SEC,01_Data_Sources/Private_Markets_VC/SEC EDGAR Form D Filings.md,,,01_Data_Sources,C:\Users\CaveUser\Documents\Obsidian Vault\My_Data\01_Data_Sources\Private_Markets_VC\SEC EDGAR Form D Filings.md,My_Data,01_Data_Sources,C:\Users\CaveUser\Documents\Obsidian Vault\My_Data\01_Data_Sources\Private_Markets_VC\SEC EDGAR Form D Filings.md,01_Data_Sources/Private_Markets_VC/SEC EDGAR Form D Filings.md,obsidian://open?vault=My_Data&file=01_Data_Sources%2FPrivate_Markets_VC%2FSEC%20EDGAR%20Form%20D%20Filings.md,My_Data,Active,Private_Markets_VC,Primary source for Reg D filings. Free and authoritative. Pairs well with Crunchbase for context.,"[""private-markets"",""vc"",""filings"",""sec""]",https://www.sec.gov/cgi-bin/browse-edgar?action=getcompany&type=D&dateb=&owner=include&count=40,My_Data,DataSource;SourceItem
mydata:datasource:sec-edgar-search,2026-06-01,SEC EDGAR Search,API,,DataSources,,SEC EDGAR Search,SEC EDGAR Search,datasource,obsidian://open?vault=My_Data&file=01_Data_Sources%2FFundamentals%2FSEC%20EDGAR%20Search.md,SEC,01_Data_Sources/Fundamentals/SEC EDGAR Search.md,,,01_Data_Sources,C:\Users\CaveUser\Documents\Obsidian Vault\My_Data\01_Data_Sources\Fundamentals\SEC EDGAR Search.md,My_Data,01_Data_Sources,C:\Users\CaveUser\Documents\Obsidian Vault\My_Data\01_Data_Sources\Fundamentals\SEC EDGAR Search.md,01_Data_Sources/Fundamentals/SEC EDGAR Search.md,obsidian://open?vault=My_Data&file=01_Data_Sources%2FFundamentals%2FSEC%20EDGAR%20Search.md,My_Data,Active,Fundamentals,,"[""sec"",""edgar"",""filings"",""full-text"",""fundamentals"",""free""]",https://efts.sec.gov/LATEST/search-index?q=,My_Data,DataSource;SourceItem
mydata:datasource:sec-fails-to-deliver-data,2026-06-01,SEC Fails to Deliver Data,Dataset,,DataSources,,SEC Fails to Deliver Data,SEC Fails to Deliver Data,datasource,obsidian://open?vault=My_Data&file=01_Data_Sources%2FFundamentals%2FSEC%20Fails%20to%20Deliver%20Data.md,U.S. Securities and Exchange Commission,01_Data_Sources/Fundamentals/SEC Fails to Deliver Data.md,,,01_Data_Sources,C:\Users\CaveUser\Documents\Obsidian Vault\My_Data\01_Data_Sources\Fundamentals\SEC Fails to Deliver Data.md,My_Data,01_Data_Sources,C:\Users\CaveUser\Documents\Obsidian Vault\My_Data\01_Data_Sources\Fundamentals\SEC Fails to Deliver Data.md,01_Data_Sources/Fundamentals/SEC Fails to Deliver Data.md,obsidian://open?vault=My_Data&file=01_Data_Sources%2FFundamentals%2FSEC%20Fails%20to%20Deliver%20Data.md,My_Data,Active,Fundamentals,Aggregate settlement-fail balances; not proof of abusive short selling.,"[""data_source"",""sec"",""ftd"",""short-stress""]",https://www.sec.gov/data-research/sec-markets-data/fails-deliver-data,My_Data,DataSource;SourceItem
mydata:datasource:sec-xbrl-company-facts,2026-06-01,SEC XBRL Company Facts,API,,DataSources,,SEC XBRL Company Facts,SEC XBRL Company Facts,datasource,obsidian://open?vault=My_Data&file=01_Data_Sources%2FFundamentals%2FSEC%20XBRL%20Company%20Facts.md,,01_Data_Sources/Fundamentals/SEC XBRL Company Facts.md,,,01_Data_Sources,C:\Users\CaveUser\Documents\Obsidian Vault\My_Data\01_Data_Sources\Fundamentals\SEC XBRL Company Facts.md,My_Data,01_Data_Sources,C:\Users\CaveUser\Documents\Obsidian Vault\My_Data\01_Data_Sources\Fundamentals\SEC XBRL Company Facts.md,01_Data_Sources/Fundamentals/SEC XBRL Company Facts.md,obsidian://open?vault=My_Data&file=01_Data_Sources%2FFundamentals%2FSEC%20XBRL%20Company%20Facts.md,My_Data,Active,Fundamentals,Excellent for systematic factor work,"[""fundamentals""]",,My_Data,DataSource;SourceItem
mydata:datasource:semantic-scholar-academic-graph,2026-06-01,Semantic Scholar Academic Graph,API,,DataSources,,Semantic Scholar Academic Graph,Semantic Scholar Academic Graph,datasource,obsidian://open?vault=My_Data&file=01_Data_Sources%2FFrontier_Science%2FSemantic%20Scholar%20Academic%20Graph.md,Semantic Scholar,01_Data_Sources/Frontier_Science/Semantic Scholar Academic Graph.md,,,01_Data_Sources,C:\Users\CaveUser\Documents\Obsidian Vault\My_Data\01_Data_Sources\Frontier_Science\Semantic Scholar Academic Graph.md,My_Data,01_Data_Sources,C:\Users\CaveUser\Documents\Obsidian Vault\My_Data\01_Data_Sources\Frontier_Science\Semantic Scholar Academic Graph.md,01_Data_Sources/Frontier_Science/Semantic Scholar Academic Graph.md,obsidian://open?vault=My_Data&file=01_Data_Sources%2FFrontier_Science%2FSemantic%20Scholar%20Academic%20Graph.md,My_Data,Active,Frontier_Science,"Academic discovery source for topic, thesis, strategy, and market-cycle research queues.","[""data-source"",""research"",""semantic-scholar"",""papers""]",https://api.semanticscholar.org/api-docs/,My_Data,DataSource;SourceItem
mydata:datasource:snscrape,2026-06-01,snscrape,CLI/Python Library (OSS),,DataSources,,snscrape,snscrape,datasource,obsidian://open?vault=My_Data&file=01_Data_Sources%2FSocial_Sentiment%2Fsnscrape.md,Bellingcat / GitHub OSS,01_Data_Sources/Social_Sentiment/snscrape.md,,,01_Data_Sources,C:\Users\CaveUser\Documents\Obsidian Vault\My_Data\01_Data_Sources\Social_Sentiment\snscrape.md,My_Data,01_Data_Sources,C:\Users\CaveUser\Documents\Obsidian Vault\My_Data\01_Data_Sources\Social_Sentiment\snscrape.md,01_Data_Sources/Social_Sentiment/snscrape.md,obsidian://open?vault=My_Data&file=01_Data_Sources%2FSocial_Sentiment%2Fsnscrape.md,My_Data,Active,Social_Sentiment,Bellingcat tool (343★). Python library + CLI. Scrapes without API keys by mimicking browser requests. Particularly useful for Twitter/X historical data that the official API restricts behind high-tier paywalls. Passive-only.,"[""osint"",""social-media"",""twitter"",""sentiment"",""bellingcat"",""archive""]",https://github.com/bellingcat/snscrape,My_Data,DataSource;SourceItem
mydata:datasource:socrata-open-data,2026-06-01,Socrata Open Data,API,,DataSources,,Socrata Open Data,Socrata Open Data,datasource,obsidian://open?vault=My_Data&file=01_Data_Sources%2FGovernment_Contracts%2FSocrata%20Open%20Data.md,Tyler Technologies (Socrata),01_Data_Sources/Government_Contracts/Socrata Open Data.md,,,01_Data_Sources,C:\Users\CaveUser\Documents\Obsidian Vault\My_Data\01_Data_Sources\Government_Contracts\Socrata Open Data.md,My_Data,01_Data_Sources,C:\Users\CaveUser\Documents\Obsidian Vault\My_Data\01_Data_Sources\Government_Contracts\Socrata Open Data.md,01_Data_Sources/Government_Contracts/Socrata Open Data.md,obsidian://open?vault=My_Data&file=01_Data_Sources%2FGovernment_Contracts%2FSocrata%20Open%20Data.md,My_Data,Active,Government_Contracts,"Used by the socrata puller for permits, 311 data, and custom municipal datasets.","[""government"",""local"",""permits"",""open-data"",""cities"",""free""]",https://dev.socrata.com/,My_Data,DataSource;SourceItem
mydata:datasource:spiderfoot,2026-06-01,SpiderFoot,CLI/API,,DataSources,,SpiderFoot,SpiderFoot,datasource,obsidian://open?vault=My_Data&file=01_Data_Sources%2FOSINT%2FSpiderFoot.md,smicallef / OWASP Community,01_Data_Sources/OSINT/SpiderFoot.md,,,01_Data_Sources,C:\Users\CaveUser\Documents\Obsidian Vault\My_Data\01_Data_Sources\OSINT\SpiderFoot.md,My_Data,01_Data_Sources,C:\Users\CaveUser\Documents\Obsidian Vault\My_Data\01_Data_Sources\OSINT\SpiderFoot.md,01_Data_Sources/OSINT/SpiderFoot.md,obsidian://open?vault=My_Data&file=01_Data_Sources%2FOSINT%2FSpiderFoot.md,My_Data,Active,OSINT,Run in passive mode only for investment research. REST API available when running local server (port 5001). Outputs to JSON. Best used for company-risk enrichment on covered entities.,"[""osint"",""company-risk"",""threat-intel"",""passive-recon"",""network-intelligence""]",https://github.com/smicallef/spiderfoot,My_Data,DataSource;SourceItem
mydata:datasource:telegram,2026-06-01,Telegram Channel Monitor,API/CLI,,DataSources,,Telegram Channel Monitor,Telegram Channel Monitor,datasource,obsidian://open?vault=My_Data&file=01_Data_Sources%2FOSINT%2FTelegram.md,Telegram / Telethon (Python),01_Data_Sources/OSINT/Telegram.md,,,01_Data_Sources,C:\Users\CaveUser\Documents\Obsidian Vault\My_Data\01_Data_Sources\OSINT\Telegram.md,My_Data,01_Data_Sources,C:\Users\CaveUser\Documents\Obsidian Vault\My_Data\01_Data_Sources\OSINT\Telegram.md,01_Data_Sources/OSINT/Telegram.md,obsidian://open?vault=My_Data&file=01_Data_Sources%2FOSINT%2FTelegram.md,My_Data,Active,OSINT,Uses Telethon (Python MTProto client) to read public channel history. Requires TELEGRAM_API_ID + TELEGRAM_API_HASH from my.telegram.org/apps and a one-time phone verification. Bot API alternative only receives new messages — not suitable for historical monitoring. Script: node run.mjs scan osint-telegram --channel <username>.,"[""osint"",""social-sentiment"",""telegram"",""geopolitical-signals"",""supply-chain""]",https://my.telegram.org/apps,My_Data,DataSource;SourceItem
mydata:datasource:theharvester,2026-06-01,theHarvester,CLI,,DataSources,,theHarvester,theHarvester,datasource,obsidian://open?vault=My_Data&file=01_Data_Sources%2FOSINT%2FtheHarvester.md,laramies / Open Source,01_Data_Sources/OSINT/theHarvester.md,,,01_Data_Sources,C:\Users\CaveUser\Documents\Obsidian Vault\My_Data\01_Data_Sources\OSINT\theHarvester.md,My_Data,01_Data_Sources,C:\Users\CaveUser\Documents\Obsidian Vault\My_Data\01_Data_Sources\OSINT\theHarvester.md,01_Data_Sources/OSINT/theHarvester.md,obsidian://open?vault=My_Data&file=01_Data_Sources%2FOSINT%2FtheHarvester.md,My_Data,Active,OSINT,"Purely passive. Aggregates from Google, Bing, Shodan, Hunter.io, DuckDuckGo, and 35+ other sources. CLI only — no REST API. JSON output supported. Fast and lightweight.","[""osint"",""company-risk"",""email-intelligence"",""passive-recon"",""personnel-intelligence""]",https://github.com/laramies/theHarvester,My_Data,DataSource;SourceItem
