id:ID,asOfDate,canonicalName,dataType,date,domain,label,name,nodeType,obsidianUrl,relativePath,signalStatus,source,sourceFolder,sourcePath,sourceVault,source_folder,source_path,source_rel_path,source_url,source_vault,status,subdomain,tags,vault,:LABEL
world:politicalactor:2026-05-12-russia-ukraine-war-status-q2-2026,2026-06-01,2026-05-12 - Russia Ukraine War Status Q2 2026,geopolitical-brief,2026-05-12,Politics,2026-05-12 - Russia Ukraine War Status Q2 2026,2026-05-12 - Russia Ukraine War Status Q2 2026,politicalactor,obsidian://open?vault=World_Machine&file=Politics%2F2026-05-12%20-%20Russia%20Ukraine%20War%20Status%20Q2%202026.md,Politics/2026-05-12 - Russia Ukraine War Status Q2 2026.md,watch,CountryWatch – Featured Country: Russia (2026-05-12),Politics,C:\Users\CaveUser\Documents\Obsidian Vault\World_Machine\Politics\2026-05-12 - Russia Ukraine War Status Q2 2026.md,World_Machine,Politics,C:\Users\CaveUser\Documents\Obsidian Vault\World_Machine\Politics\2026-05-12 - Russia Ukraine War Status Q2 2026.md,Politics/2026-05-12 - Russia Ukraine War Status Q2 2026.md,obsidian://open?vault=World_Machine&file=Politics%2F2026-05-12%20-%20Russia%20Ukraine%20War%20Status%20Q2%202026.md,World_Machine,,2026-05-12 - Russia Ukraine War Status Q2 2026.md,"[""russia"",""ukraine"",""war"",""geopolitics"",""drone"",""attrition"",""putin"",""regime-change""]",World_Machine,PoliticalActor
world:politicalactor:2026-05-14-warsh-crypto-disclosure-and-policy-capture-risk,2026-06-01,2026-05-14 - Warsh Crypto Disclosure and Policy Capture Risk,observation,2026-05-14,Politics,2026-05-14 - Warsh Crypto Disclosure and Policy Capture Risk,2026-05-14 - Warsh Crypto Disclosure and Policy Capture Risk,politicalactor,obsidian://open?vault=World_Machine&file=Politics%2FObservations%2F2026-05-14%20-%20Warsh%20Crypto%20Disclosure%20and%20Policy%20Capture%20Risk.md,Politics/Observations/2026-05-14 - Warsh Crypto Disclosure and Policy Capture Risk.md,,,Politics,C:\Users\CaveUser\Documents\Obsidian Vault\World_Machine\Politics\Observations\2026-05-14 - Warsh Crypto Disclosure and Policy Capture Risk.md,World_Machine,Politics,C:\Users\CaveUser\Documents\Obsidian Vault\World_Machine\Politics\Observations\2026-05-14 - Warsh Crypto Disclosure and Policy Capture Risk.md,Politics/Observations/2026-05-14 - Warsh Crypto Disclosure and Policy Capture Risk.md,obsidian://open?vault=World_Machine&file=Politics%2FObservations%2F2026-05-14%20-%20Warsh%20Crypto%20Disclosure%20and%20Policy%20Capture%20Risk.md,World_Machine,active,Observations,"[""warsh"",""fed"",""crypto"",""disclosures"",""policy-capture"",""digital-assets""]",World_Machine,PoliticalActor
world:politicalactor:fec-api,2026-06-01,FEC API,data-source,,Politics,FEC API,FEC API,politicalactor,obsidian://open?vault=World_Machine&file=Politics%2F_Data%20Sources%2FFEC%20API.md,Politics/_Data Sources/FEC API.md,,,Politics,C:\Users\CaveUser\Documents\Obsidian Vault\World_Machine\Politics\_Data Sources\FEC API.md,World_Machine,Politics,C:\Users\CaveUser\Documents\Obsidian Vault\World_Machine\Politics\_Data Sources\FEC API.md,Politics/_Data Sources/FEC API.md,obsidian://open?vault=World_Machine&file=Politics%2F_Data%20Sources%2FFEC%20API.md,World_Machine,,_Data Sources,"[""data-source"",""politics"",""campaign-finance"",""federal""]",World_Machine,PoliticalActor
world:politicalactor:icij-offshore-leaks,2026-06-01,ICIJ Offshore Leaks,data-source,,Politics,ICIJ Offshore Leaks,ICIJ Offshore Leaks,politicalactor,obsidian://open?vault=World_Machine&file=Politics%2F_Data%20Sources%2FICIJ%20Offshore%20Leaks.md,Politics/_Data Sources/ICIJ Offshore Leaks.md,,,Politics,C:\Users\CaveUser\Documents\Obsidian Vault\World_Machine\Politics\_Data Sources\ICIJ Offshore Leaks.md,World_Machine,Politics,C:\Users\CaveUser\Documents\Obsidian Vault\World_Machine\Politics\_Data Sources\ICIJ Offshore Leaks.md,Politics/_Data Sources/ICIJ Offshore Leaks.md,obsidian://open?vault=World_Machine&file=Politics%2F_Data%20Sources%2FICIJ%20Offshore%20Leaks.md,World_Machine,,_Data Sources,"[""data-source"",""politics"",""offshore"",""beneficial-ownership"",""investigation""]",World_Machine,PoliticalActor
world:politicalactor:irs-990s-propublica-nonprofit-explorer,2026-06-01,IRS 990s - ProPublica Nonprofit Explorer,data-source,,Politics,IRS 990s - ProPublica Nonprofit Explorer,IRS 990s - ProPublica Nonprofit Explorer,politicalactor,obsidian://open?vault=World_Machine&file=Politics%2F_Data%20Sources%2FIRS%20990s%20-%20ProPublica%20Nonprofit%20Explorer.md,Politics/_Data Sources/IRS 990s - ProPublica Nonprofit Explorer.md,,,Politics,C:\Users\CaveUser\Documents\Obsidian Vault\World_Machine\Politics\_Data Sources\IRS 990s - ProPublica Nonprofit Explorer.md,World_Machine,Politics,C:\Users\CaveUser\Documents\Obsidian Vault\World_Machine\Politics\_Data Sources\IRS 990s - ProPublica Nonprofit Explorer.md,Politics/_Data Sources/IRS 990s - ProPublica Nonprofit Explorer.md,obsidian://open?vault=World_Machine&file=Politics%2F_Data%20Sources%2FIRS%20990s%20-%20ProPublica%20Nonprofit%20Explorer.md,World_Machine,,_Data Sources,"[""data-source"",""politics"",""nonprofit"",""dark-money"",""501c4""]",World_Machine,PoliticalActor
world:politicalactor:opencorporates,2026-06-01,OpenCorporates,data-source,,Politics,OpenCorporates,OpenCorporates,politicalactor,obsidian://open?vault=World_Machine&file=Politics%2F_Data%20Sources%2FOpenCorporates.md,Politics/_Data Sources/OpenCorporates.md,,,Politics,C:\Users\CaveUser\Documents\Obsidian Vault\World_Machine\Politics\_Data Sources\OpenCorporates.md,World_Machine,Politics,C:\Users\CaveUser\Documents\Obsidian Vault\World_Machine\Politics\_Data Sources\OpenCorporates.md,Politics/_Data Sources/OpenCorporates.md,obsidian://open?vault=World_Machine&file=Politics%2F_Data%20Sources%2FOpenCorporates.md,World_Machine,,_Data Sources,"[""data-source"",""politics"",""corporate-registry"",""ownership""]",World_Machine,PoliticalActor
world:politicalactor:opensecrets-api,2026-06-01,OpenSecrets API,data-source,,Politics,OpenSecrets API,OpenSecrets API,politicalactor,obsidian://open?vault=World_Machine&file=Politics%2F_Data%20Sources%2FOpenSecrets%20API.md,Politics/_Data Sources/OpenSecrets API.md,,,Politics,C:\Users\CaveUser\Documents\Obsidian Vault\World_Machine\Politics\_Data Sources\OpenSecrets API.md,World_Machine,Politics,C:\Users\CaveUser\Documents\Obsidian Vault\World_Machine\Politics\_Data Sources\OpenSecrets API.md,Politics/_Data Sources/OpenSecrets API.md,obsidian://open?vault=World_Machine&file=Politics%2F_Data%20Sources%2FOpenSecrets%20API.md,World_Machine,,_Data Sources,"[""data-source"",""politics"",""campaign-finance"",""aggregated""]",World_Machine,PoliticalActor
world:politicalactor:readme,2026-06-01,_README,domain-readme,2026-05-11,Politics,_README,_README,politicalactor,obsidian://open?vault=World_Machine&file=Politics%2F_README.md,Politics/_README.md,,,Politics,C:\Users\CaveUser\Documents\Obsidian Vault\World_Machine\Politics\_README.md,World_Machine,Politics,C:\Users\CaveUser\Documents\Obsidian Vault\World_Machine\Politics\_README.md,Politics/_README.md,obsidian://open?vault=World_Machine&file=Politics%2F_README.md,World_Machine,,_README.md,"[""politics"",""money-in-politics"",""pac"",""lobbying""]",World_Machine,PoliticalActor
world:politicalactor:senate-lda-house-lda,2026-06-01,Senate LDA - House LDA,data-source,,Politics,Senate LDA - House LDA,Senate LDA - House LDA,politicalactor,obsidian://open?vault=World_Machine&file=Politics%2F_Data%20Sources%2FSenate%20LDA%20-%20House%20LDA.md,Politics/_Data Sources/Senate LDA - House LDA.md,,,Politics,C:\Users\CaveUser\Documents\Obsidian Vault\World_Machine\Politics\_Data Sources\Senate LDA - House LDA.md,World_Machine,Politics,C:\Users\CaveUser\Documents\Obsidian Vault\World_Machine\Politics\_Data Sources\Senate LDA - House LDA.md,Politics/_Data Sources/Senate LDA - House LDA.md,obsidian://open?vault=World_Machine&file=Politics%2F_Data%20Sources%2FSenate%20LDA%20-%20House%20LDA.md,World_Machine,,_Data Sources,"[""data-source"",""politics"",""lobbying"",""legislative""]",World_Machine,PoliticalActor
