id:ID,asOfDate,canonicalName,confidence,dataType,date,domain,label,lastUpdated,name,nodeType,obsidianUrl,relativePath,sourceFolder,sourcePath,sourceVault,source_folder,source_path,source_rel_path,source_url,source_vault,status,subdomain,tags,vault,:LABEL
world:regime:2026-05-12-kkr-regime-change-watchpoints,2026-06-01,2026-05-12 - KKR Regime Change Watchpoints,,,,Macro,2026-05-12 - KKR Regime Change Watchpoints,,2026-05-12 - KKR Regime Change Watchpoints,regime,,,,,,,,,,,,,[],,Regime
world:regime:2026-05-14-sticky-inflation-regime-ppi-retail-sales-and-treasury-premium,2026-06-01,"2026-05-14 - Sticky Inflation Regime - PPI, Retail Sales, and Treasury Premium",,,,Macro,"2026-05-14 - Sticky Inflation Regime - PPI, Retail Sales, and Treasury Premium",,"2026-05-14 - Sticky Inflation Regime - PPI, Retail Sales, and Treasury Premium",regime,,,,,,,,,,,,,[],,Regime
world:regime:2026-05-26-macro-regime-research-and-inflation-inbox-synthesis,2026-06-01,2026-05-26 - Macro Regime Research and Inflation Inbox Synthesis,,,,Macro,2026-05-26 - Macro Regime Research and Inflation Inbox Synthesis,,2026-05-26 - Macro Regime Research and Inflation Inbox Synthesis,regime,,,,,,,,,,,,,[],,Regime
world:regime:after-the-shock,2026-06-01,After the Shock,,,,Macro,After the Shock,,After the Shock,regime,,,,,,,,,,,,,[],,Regime
world:regime:ai-growth-offset-vs-energy-shock,2026-06-01,AI Growth Offset vs Energy Shock,,regime,2026-05-12,Macro,AI Growth Offset vs Energy Shock,,AI Growth Offset vs Energy Shock,regime,obsidian://open?vault=World_Machine&file=Macro%2FRegimes%2FAI%20Growth%20Offset%20vs%20Energy%20Shock.md,Macro/Regimes/AI Growth Offset vs Energy Shock.md,Macro,C:\Users\CaveUser\Documents\Obsidian Vault\World_Machine\Macro\Regimes\AI Growth Offset vs Energy Shock.md,World_Machine,Macro,C:\Users\CaveUser\Documents\Obsidian Vault\World_Machine\Macro\Regimes\AI Growth Offset vs Energy Shock.md,Macro/Regimes/AI Growth Offset vs Energy Shock.md,obsidian://open?vault=World_Machine&file=Macro%2FRegimes%2FAI%20Growth%20Offset%20vs%20Energy%20Shock.md,World_Machine,,Regimes,"[""regime"",""ai"",""energy-shock"",""inflation"",""equities"",""dual-force"",""hormuz"",""tech-earnings""]",World_Machine,Regime
world:regime:bessent-s-suffocating-iranian-regime-strategy-materializes-in-kharg-island-satellite-imagery,2026-06-01,Bessent's _Suffocating_ Iranian Regime Strategy Materializes In Kharg Island Satellite Imagery,,,,Macro,Bessent's _Suffocating_ Iranian Regime Strategy Materializes In Kharg Island Satellite Imagery,,Bessent's _Suffocating_ Iranian Regime Strategy Materializes In Kharg Island Satellite Imagery,regime,,,,,,,,,,,,,[],,Regime
world:regime:climate-adaptation,2026-06-01,Climate Adaptation,,,,Macro,Climate Adaptation,,Climate Adaptation,regime,,,,,,,,,,,,,[],,Regime
world:regime:current-regime-state,2026-06-01,_Current Regime State,,regime-state-card,,Macro,_Current Regime State,2026-05-14,_Current Regime State,regime,obsidian://open?vault=World_Machine&file=Macro%2FRegimes%2F_Current%20Regime%20State.md,Macro/Regimes/_Current Regime State.md,Macro,C:\Users\CaveUser\Documents\Obsidian Vault\World_Machine\Macro\Regimes\_Current Regime State.md,World_Machine,Macro,C:\Users\CaveUser\Documents\Obsidian Vault\World_Machine\Macro\Regimes\_Current Regime State.md,Macro/Regimes/_Current Regime State.md,obsidian://open?vault=World_Machine&file=Macro%2FRegimes%2F_Current%20Regime%20State.md,World_Machine,,Regimes,"[""regime"",""macro"",""active-state"",""living-document""]",World_Machine,Regime
world:regime:geopolitical-escalation,2026-06-01,Geopolitical Escalation,high,,,Macro,Geopolitical Escalation,,Geopolitical Escalation,regime,obsidian://open?vault=World_Machine&file=Macro%2FRegimes%2FGeopolitical%20Escalation.md,Macro/Regimes/Geopolitical Escalation.md,Macro,C:\Users\CaveUser\Documents\Obsidian Vault\World_Machine\Macro\Regimes\Geopolitical Escalation.md,World_Machine,Macro,C:\Users\CaveUser\Documents\Obsidian Vault\World_Machine\Macro\Regimes\Geopolitical Escalation.md,Macro/Regimes/Geopolitical Escalation.md,obsidian://open?vault=World_Machine&file=Macro%2FRegimes%2FGeopolitical%20Escalation.md,World_Machine,Active,Regimes,"[""macro"",""regime"",""geopolitical"",""defense""]",World_Machine,Signal;Regime;ShockVector;RiskTheme
world:regime:goldilocks,2026-06-01,Goldilocks,medium,,,Macro,Goldilocks,,Goldilocks,regime,obsidian://open?vault=World_Machine&file=Macro%2FRegimes%2FGoldilocks.md,Macro/Regimes/Goldilocks.md,Macro,C:\Users\CaveUser\Documents\Obsidian Vault\World_Machine\Macro\Regimes\Goldilocks.md,World_Machine,Macro,C:\Users\CaveUser\Documents\Obsidian Vault\World_Machine\Macro\Regimes\Goldilocks.md,Macro/Regimes/Goldilocks.md,obsidian://open?vault=World_Machine&file=Macro%2FRegimes%2FGoldilocks.md,World_Machine,Watching,Regimes,"[""macro"",""regime""]",World_Machine,Regime
world:regime:high-volatility-regime,2026-06-01,High Volatility Regime,,,,Macro,High Volatility Regime,,High Volatility Regime,regime,,,,,,,,,,,,,[],,Regime
world:regime:innovation-cycle,2026-06-01,Innovation Cycle,,,,Macro,Innovation Cycle,,Innovation Cycle,regime,,,,,,,,,,,,,[],,Regime
world:regime:iran-hormuz-oil-shock,2026-06-01,Iran-Hormuz Oil Shock,,regime,2026-05-11,Macro,Iran-Hormuz Oil Shock,,Iran-Hormuz Oil Shock,regime,obsidian://open?vault=World_Machine&file=Macro%2FRegimes%2FIran-Hormuz%20Oil%20Shock.md,Macro/Regimes/Iran-Hormuz Oil Shock.md,Macro,C:\Users\CaveUser\Documents\Obsidian Vault\World_Machine\Macro\Regimes\Iran-Hormuz Oil Shock.md,World_Machine,Macro,C:\Users\CaveUser\Documents\Obsidian Vault\World_Machine\Macro\Regimes\Iran-Hormuz Oil Shock.md,Macro/Regimes/Iran-Hormuz Oil Shock.md,obsidian://open?vault=World_Machine&file=Macro%2FRegimes%2FIran-Hormuz%20Oil%20Shock.md,World_Machine,,Regimes,"[""regime"",""oil-shock"",""iran"",""hormuz"",""geopolitical"",""energy"",""inflation""]",World_Machine,Signal;Thesis;GeopoliticalEvent;NewsItem;PoliticalActor;Regime;Scenario;ShockVector
world:regime:liquidity-cycle,2026-06-01,Liquidity Cycle,,,,Macro,Liquidity Cycle,,Liquidity Cycle,regime,,,,,,,,,,,,,[],,Regime
world:regime:macro-regime,2026-06-01,Macro Regime,,,,Macro,Macro Regime,,Macro Regime,regime,,,,,,,,,,,,,[],,Regime
world:regime:narrow-concentrated-rally,2026-06-01,Narrow Concentrated Rally,,regime,2026-05-11,Macro,Narrow Concentrated Rally,,Narrow Concentrated Rally,regime,obsidian://open?vault=World_Machine&file=Macro%2FRegimes%2FNarrow%20Concentrated%20Rally.md,Macro/Regimes/Narrow Concentrated Rally.md,Macro,C:\Users\CaveUser\Documents\Obsidian Vault\World_Machine\Macro\Regimes\Narrow Concentrated Rally.md,World_Machine,Macro,C:\Users\CaveUser\Documents\Obsidian Vault\World_Machine\Macro\Regimes\Narrow Concentrated Rally.md,Macro/Regimes/Narrow Concentrated Rally.md,obsidian://open?vault=World_Machine&file=Macro%2FRegimes%2FNarrow%20Concentrated%20Rally.md,World_Machine,,Regimes,"[""macro"",""regime"",""volatility"",""equity"",""dispersion""]",World_Machine,Regime
world:regime:rate-cut-cycle,2026-06-01,Rate Cut Cycle,medium,,,Macro,Rate Cut Cycle,,Rate Cut Cycle,regime,obsidian://open?vault=World_Machine&file=Macro%2FRegimes%2FRate%20Cut%20Cycle.md,Macro/Regimes/Rate Cut Cycle.md,Macro,C:\Users\CaveUser\Documents\Obsidian Vault\World_Machine\Macro\Regimes\Rate Cut Cycle.md,World_Machine,Macro,C:\Users\CaveUser\Documents\Obsidian Vault\World_Machine\Macro\Regimes\Rate Cut Cycle.md,Macro/Regimes/Rate Cut Cycle.md,obsidian://open?vault=World_Machine&file=Macro%2FRegimes%2FRate%20Cut%20Cycle.md,World_Machine,Watching,Regimes,"[""macro"",""regime""]",World_Machine,Regime
world:regime:rate-hike-cycle,2026-06-01,Rate Hike Cycle,high,,,Macro,Rate Hike Cycle,,Rate Hike Cycle,regime,obsidian://open?vault=World_Machine&file=Macro%2FRegimes%2FRate%20Hike%20Cycle.md,Macro/Regimes/Rate Hike Cycle.md,Macro,C:\Users\CaveUser\Documents\Obsidian Vault\World_Machine\Macro\Regimes\Rate Hike Cycle.md,World_Machine,Macro,C:\Users\CaveUser\Documents\Obsidian Vault\World_Machine\Macro\Regimes\Rate Hike Cycle.md,Macro/Regimes/Rate Hike Cycle.md,obsidian://open?vault=World_Machine&file=Macro%2FRegimes%2FRate%20Hike%20Cycle.md,World_Machine,Active,Regimes,"[""macro"",""regime""]",World_Machine,Regime
world:regime:recession,2026-06-01,Recession,low,,,Macro,Recession,,Recession,regime,obsidian://open?vault=World_Machine&file=Macro%2FRegimes%2FRecession.md,Macro/Regimes/Recession.md,Macro,C:\Users\CaveUser\Documents\Obsidian Vault\World_Machine\Macro\Regimes\Recession.md,World_Machine,Macro,C:\Users\CaveUser\Documents\Obsidian Vault\World_Machine\Macro\Regimes\Recession.md,Macro/Regimes/Recession.md,obsidian://open?vault=World_Machine&file=Macro%2FRegimes%2FRecession.md,World_Machine,Watching,Regimes,"[""macro"",""regime""]",World_Machine,Regime
world:regime:regime,2026-06-01,{{REGIME}},,,,Macro,{{REGIME}},,{{REGIME}},regime,,,,,,,,,,,,,[],,Regime
world:regime:regime-name,2026-06-01,Regime Name,,,,Macro,Regime Name,,Regime Name,regime,,,,,,,,,,,,,[],,Regime
world:regime:risk-off,2026-06-01,Risk-Off,low,,,Macro,Risk-Off,,Risk-Off,regime,obsidian://open?vault=World_Machine&file=Macro%2FRegimes%2FRisk-Off.md,Macro/Regimes/Risk-Off.md,Macro,C:\Users\CaveUser\Documents\Obsidian Vault\World_Machine\Macro\Regimes\Risk-Off.md,World_Machine,Macro,C:\Users\CaveUser\Documents\Obsidian Vault\World_Machine\Macro\Regimes\Risk-Off.md,Macro/Regimes/Risk-Off.md,obsidian://open?vault=World_Machine&file=Macro%2FRegimes%2FRisk-Off.md,World_Machine,Watching,Regimes,"[""macro"",""regime""]",World_Machine,Regime
world:regime:risk-off-regime,2026-06-01,Risk-Off Regime,,,,Macro,Risk-Off Regime,,Risk-Off Regime,regime,,,,,,,,,,,,,[],,Regime
world:regime:risk-on,2026-06-01,Risk-On,medium,,,Macro,Risk-On,,Risk-On,regime,obsidian://open?vault=World_Machine&file=Macro%2FRegimes%2FRisk-On.md,Macro/Regimes/Risk-On.md,Macro,C:\Users\CaveUser\Documents\Obsidian Vault\World_Machine\Macro\Regimes\Risk-On.md,World_Machine,Macro,C:\Users\CaveUser\Documents\Obsidian Vault\World_Machine\Macro\Regimes\Risk-On.md,Macro/Regimes/Risk-On.md,obsidian://open?vault=World_Machine&file=Macro%2FRegimes%2FRisk-On.md,World_Machine,Active,Regimes,"[""macro"",""regime""]",World_Machine,Regime
world:regime:risk-on-regime,2026-06-01,Risk-On Regime,,,,Macro,Risk-On Regime,,Risk-On Regime,regime,,,,,,,,,,,,,[],,Regime
world:regime:stagflation,2026-06-01,Stagflation,low,,,Macro,Stagflation,,Stagflation,regime,obsidian://open?vault=World_Machine&file=Macro%2FRegimes%2FStagflation.md,Macro/Regimes/Stagflation.md,Macro,C:\Users\CaveUser\Documents\Obsidian Vault\World_Machine\Macro\Regimes\Stagflation.md,World_Machine,Macro,C:\Users\CaveUser\Documents\Obsidian Vault\World_Machine\Macro\Regimes\Stagflation.md,Macro/Regimes/Stagflation.md,obsidian://open?vault=World_Machine&file=Macro%2FRegimes%2FStagflation.md,World_Machine,Watching,Regimes,"[""macro"",""regime""]",World_Machine,Regime
world:regime:supply-chain-reshoring,2026-06-01,Supply Chain Reshoring,,,,Macro,Supply Chain Reshoring,,Supply Chain Reshoring,regime,,,,,,,,,,,,,[],,Regime
