id:ID,asOfDate,canonicalName,dataType,date,datePulled,domain,label,name,nodeType,obsidianUrl,relativePath,sector,signalStatus,source,sourceFolder,sourcePath,sourceVault,source_folder,source_path,source_rel_path,source_url,source_vault,subdomain,symbol,tags,ticker,vault,:LABEL
mydata:signal:2026-04-23-dilution-mnts,2026-06-01,Dilution Alert — MNTS,signal,,2026-04-23,Signals,Dilution Alert — MNTS,Dilution Alert — MNTS,signal,obsidian://open?vault=My_Data&file=06_Signals%2F2026-04-23_DILUTION_MNTS.md,06_Signals/2026-04-23_DILUTION_MNTS.md,,alert,SEC EDGAR + FMP Premium,06_Signals,C:\Users\CaveUser\Documents\Obsidian Vault\My_Data\06_Signals\2026-04-23_DILUTION_MNTS.md,My_Data,06_Signals,C:\Users\CaveUser\Documents\Obsidian Vault\My_Data\06_Signals\2026-04-23_DILUTION_MNTS.md,06_Signals/2026-04-23_DILUTION_MNTS.md,obsidian://open?vault=My_Data&file=06_Signals%2F2026-04-23_DILUTION_MNTS.md,My_Data,2026-04-23_DILUTION_MNTS.md,MNTS,"[""signal"",""dilution"",""mnts""]",MNTS,My_Data,Signal
mydata:signal:2026-04-23-dilution-rcat,2026-06-01,Dilution Alert — RCAT,signal,,2026-04-23,Signals,Dilution Alert — RCAT,Dilution Alert — RCAT,signal,obsidian://open?vault=My_Data&file=06_Signals%2F2026-04-23_DILUTION_RCAT.md,06_Signals/2026-04-23_DILUTION_RCAT.md,,alert,SEC EDGAR + FMP Premium,06_Signals,C:\Users\CaveUser\Documents\Obsidian Vault\My_Data\06_Signals\2026-04-23_DILUTION_RCAT.md,My_Data,06_Signals,C:\Users\CaveUser\Documents\Obsidian Vault\My_Data\06_Signals\2026-04-23_DILUTION_RCAT.md,06_Signals/2026-04-23_DILUTION_RCAT.md,obsidian://open?vault=My_Data&file=06_Signals%2F2026-04-23_DILUTION_RCAT.md,My_Data,2026-04-23_DILUTION_RCAT.md,RCAT,"[""signal"",""dilution"",""rcat""]",RCAT,My_Data,Signal
mydata:signal:2026-04-25-dilution-gev,2026-06-01,Dilution Alert — GEV,signal,,2026-04-25,Signals,Dilution Alert — GEV,Dilution Alert — GEV,signal,obsidian://open?vault=My_Data&file=06_Signals%2F2026-04-25_DILUTION_GEV.md,06_Signals/2026-04-25_DILUTION_GEV.md,,alert,SEC EDGAR + FMP Premium,06_Signals,C:\Users\CaveUser\Documents\Obsidian Vault\My_Data\06_Signals\2026-04-25_DILUTION_GEV.md,My_Data,06_Signals,C:\Users\CaveUser\Documents\Obsidian Vault\My_Data\06_Signals\2026-04-25_DILUTION_GEV.md,06_Signals/2026-04-25_DILUTION_GEV.md,obsidian://open?vault=My_Data&file=06_Signals%2F2026-04-25_DILUTION_GEV.md,My_Data,2026-04-25_DILUTION_GEV.md,GEV,"[""signal"",""dilution"",""gev""]",GEV,My_Data,Signal
mydata:signal:2026-04-27-confirm-antimicrobial-resistance-pipeline,2026-06-01,2026-04-27_CONFIRM_ANTIMICROBIAL_RESISTANCE_PIPELINE,,2026-04-27,,Signals,2026-04-27_CONFIRM_ANTIMICROBIAL_RESISTANCE_PIPELINE,2026-04-27_CONFIRM_ANTIMICROBIAL_RESISTANCE_PIPELINE,signal,obsidian://open?vault=My_Data&file=06_Signals%2F2026-04-27_CONFIRM_ANTIMICROBIAL_RESISTANCE_PIPELINE.md,06_Signals/2026-04-27_CONFIRM_ANTIMICROBIAL_RESISTANCE_PIPELINE.md,Healthcare Sector Basket,,,06_Signals,C:\Users\CaveUser\Documents\Obsidian Vault\My_Data\06_Signals\2026-04-27_CONFIRM_ANTIMICROBIAL_RESISTANCE_PIPELINE.md,My_Data,06_Signals,C:\Users\CaveUser\Documents\Obsidian Vault\My_Data\06_Signals\2026-04-27_CONFIRM_ANTIMICROBIAL_RESISTANCE_PIPELINE.md,06_Signals/2026-04-27_CONFIRM_ANTIMICROBIAL_RESISTANCE_PIPELINE.md,obsidian://open?vault=My_Data&file=06_Signals%2F2026-04-27_CONFIRM_ANTIMICROBIAL_RESISTANCE_PIPELINE.md,My_Data,2026-04-27_CONFIRM_ANTIMICROBIAL_RESISTANCE_PIPELINE.md,,"[""signal"",""sector-scan"",""confirm"",""antimicrobial-resistance-pipeline""]",,My_Data,Signal
mydata:signal:2026-04-27-fema-spike,2026-06-01,2026-04-27_FEMA_SPIKE,,2026-04-27,,Signals,2026-04-27_FEMA_SPIKE,2026-04-27_FEMA_SPIKE,signal,obsidian://open?vault=My_Data&file=06_Signals%2F2026-04-27_FEMA_SPIKE.md,06_Signals/2026-04-27_FEMA_SPIKE.md,,,,06_Signals,C:\Users\CaveUser\Documents\Obsidian Vault\My_Data\06_Signals\2026-04-27_FEMA_SPIKE.md,My_Data,06_Signals,C:\Users\CaveUser\Documents\Obsidian Vault\My_Data\06_Signals\2026-04-27_FEMA_SPIKE.md,06_Signals/2026-04-27_FEMA_SPIKE.md,obsidian://open?vault=My_Data&file=06_Signals%2F2026-04-27_FEMA_SPIKE.md,My_Data,2026-04-27_FEMA_SPIKE.md,,"[""signal"",""fema""]",,My_Data,Signal
mydata:signal:2026-04-27-generation-gap-narrowing,2026-06-01,2026-04-27_GENERATION_GAP_NARROWING,,2026-04-27,,Signals,2026-04-27_GENERATION_GAP_NARROWING,2026-04-27_GENERATION_GAP_NARROWING,signal,obsidian://open?vault=My_Data&file=06_Signals%2F2026-04-27_GENERATION_GAP_NARROWING.md,06_Signals/2026-04-27_GENERATION_GAP_NARROWING.md,,,,06_Signals,C:\Users\CaveUser\Documents\Obsidian Vault\My_Data\06_Signals\2026-04-27_GENERATION_GAP_NARROWING.md,My_Data,06_Signals,C:\Users\CaveUser\Documents\Obsidian Vault\My_Data\06_Signals\2026-04-27_GENERATION_GAP_NARROWING.md,06_Signals/2026-04-27_GENERATION_GAP_NARROWING.md,obsidian://open?vault=My_Data&file=06_Signals%2F2026-04-27_GENERATION_GAP_NARROWING.md,My_Data,2026-04-27_GENERATION_GAP_NARROWING.md,,"[""signal"",""energy"",""alert""]",,My_Data,Signal
mydata:signal:2026-04-28-confirm-antimicrobial-resistance-pipeline,2026-06-01,2026-04-28_CONFIRM_ANTIMICROBIAL_RESISTANCE_PIPELINE,,2026-04-28,,Signals,2026-04-28_CONFIRM_ANTIMICROBIAL_RESISTANCE_PIPELINE,2026-04-28_CONFIRM_ANTIMICROBIAL_RESISTANCE_PIPELINE,signal,obsidian://open?vault=My_Data&file=06_Signals%2F2026-04-28_CONFIRM_ANTIMICROBIAL_RESISTANCE_PIPELINE.md,06_Signals/2026-04-28_CONFIRM_ANTIMICROBIAL_RESISTANCE_PIPELINE.md,Healthcare Sector Basket,,,06_Signals,C:\Users\CaveUser\Documents\Obsidian Vault\My_Data\06_Signals\2026-04-28_CONFIRM_ANTIMICROBIAL_RESISTANCE_PIPELINE.md,My_Data,06_Signals,C:\Users\CaveUser\Documents\Obsidian Vault\My_Data\06_Signals\2026-04-28_CONFIRM_ANTIMICROBIAL_RESISTANCE_PIPELINE.md,06_Signals/2026-04-28_CONFIRM_ANTIMICROBIAL_RESISTANCE_PIPELINE.md,obsidian://open?vault=My_Data&file=06_Signals%2F2026-04-28_CONFIRM_ANTIMICROBIAL_RESISTANCE_PIPELINE.md,My_Data,2026-04-28_CONFIRM_ANTIMICROBIAL_RESISTANCE_PIPELINE.md,,"[""signal"",""sector-scan"",""confirm"",""antimicrobial-resistance-pipeline""]",,My_Data,Signal
mydata:signal:2026-04-28-confirm-psychedelic-mental-health-revolution,2026-06-01,2026-04-28_CONFIRM_PSYCHEDELIC_MENTAL_HEALTH_REVOLUTION,,2026-04-28,,Signals,2026-04-28_CONFIRM_PSYCHEDELIC_MENTAL_HEALTH_REVOLUTION,2026-04-28_CONFIRM_PSYCHEDELIC_MENTAL_HEALTH_REVOLUTION,signal,obsidian://open?vault=My_Data&file=06_Signals%2F2026-04-28_CONFIRM_PSYCHEDELIC_MENTAL_HEALTH_REVOLUTION.md,06_Signals/2026-04-28_CONFIRM_PSYCHEDELIC_MENTAL_HEALTH_REVOLUTION.md,Healthcare Sector Basket,,,06_Signals,C:\Users\CaveUser\Documents\Obsidian Vault\My_Data\06_Signals\2026-04-28_CONFIRM_PSYCHEDELIC_MENTAL_HEALTH_REVOLUTION.md,My_Data,06_Signals,C:\Users\CaveUser\Documents\Obsidian Vault\My_Data\06_Signals\2026-04-28_CONFIRM_PSYCHEDELIC_MENTAL_HEALTH_REVOLUTION.md,06_Signals/2026-04-28_CONFIRM_PSYCHEDELIC_MENTAL_HEALTH_REVOLUTION.md,obsidian://open?vault=My_Data&file=06_Signals%2F2026-04-28_CONFIRM_PSYCHEDELIC_MENTAL_HEALTH_REVOLUTION.md,My_Data,2026-04-28_CONFIRM_PSYCHEDELIC_MENTAL_HEALTH_REVOLUTION.md,,"[""signal"",""sector-scan"",""confirm"",""psychedelic-mental-health-revolution""]",,My_Data,Signal
mydata:signal:2026-04-28-convergence-housing-supply-correction-20260428,2026-06-01,2026-04-28_CONVERGENCE_HOUSING_SUPPLY_CORRECTION_20260428,,2026-04-28,,Signals,2026-04-28_CONVERGENCE_HOUSING_SUPPLY_CORRECTION_20260428,2026-04-28_CONVERGENCE_HOUSING_SUPPLY_CORRECTION_20260428,signal,obsidian://open?vault=My_Data&file=06_Signals%2F2026-04-28_CONVERGENCE_HOUSING_SUPPLY_CORRECTION_20260428.md,06_Signals/2026-04-28_CONVERGENCE_HOUSING_SUPPLY_CORRECTION_20260428.md,,,,06_Signals,C:\Users\CaveUser\Documents\Obsidian Vault\My_Data\06_Signals\2026-04-28_CONVERGENCE_HOUSING_SUPPLY_CORRECTION_20260428.md,My_Data,06_Signals,C:\Users\CaveUser\Documents\Obsidian Vault\My_Data\06_Signals\2026-04-28_CONVERGENCE_HOUSING_SUPPLY_CORRECTION_20260428.md,06_Signals/2026-04-28_CONVERGENCE_HOUSING_SUPPLY_CORRECTION_20260428.md,obsidian://open?vault=My_Data&file=06_Signals%2F2026-04-28_CONVERGENCE_HOUSING_SUPPLY_CORRECTION_20260428.md,My_Data,2026-04-28_CONVERGENCE_HOUSING_SUPPLY_CORRECTION_20260428.md,,"[""signal"",""convergence"",""cross-domain"",""housing_supply_correction""]",,My_Data,Signal
mydata:signal:2026-04-28-fema-spike,2026-06-01,2026-04-28_FEMA_SPIKE,,2026-04-28,,Signals,2026-04-28_FEMA_SPIKE,2026-04-28_FEMA_SPIKE,signal,obsidian://open?vault=My_Data&file=06_Signals%2F2026-04-28_FEMA_SPIKE.md,06_Signals/2026-04-28_FEMA_SPIKE.md,,,,06_Signals,C:\Users\CaveUser\Documents\Obsidian Vault\My_Data\06_Signals\2026-04-28_FEMA_SPIKE.md,My_Data,06_Signals,C:\Users\CaveUser\Documents\Obsidian Vault\My_Data\06_Signals\2026-04-28_FEMA_SPIKE.md,06_Signals/2026-04-28_FEMA_SPIKE.md,obsidian://open?vault=My_Data&file=06_Signals%2F2026-04-28_FEMA_SPIKE.md,My_Data,2026-04-28_FEMA_SPIKE.md,,"[""signal"",""fema""]",,My_Data,Signal
mydata:signal:2026-04-28-generation-gap-narrowing,2026-06-01,2026-04-28_GENERATION_GAP_NARROWING,,2026-04-28,,Signals,2026-04-28_GENERATION_GAP_NARROWING,2026-04-28_GENERATION_GAP_NARROWING,signal,obsidian://open?vault=My_Data&file=06_Signals%2F2026-04-28_GENERATION_GAP_NARROWING.md,06_Signals/2026-04-28_GENERATION_GAP_NARROWING.md,,,,06_Signals,C:\Users\CaveUser\Documents\Obsidian Vault\My_Data\06_Signals\2026-04-28_GENERATION_GAP_NARROWING.md,My_Data,06_Signals,C:\Users\CaveUser\Documents\Obsidian Vault\My_Data\06_Signals\2026-04-28_GENERATION_GAP_NARROWING.md,06_Signals/2026-04-28_GENERATION_GAP_NARROWING.md,obsidian://open?vault=My_Data&file=06_Signals%2F2026-04-28_GENERATION_GAP_NARROWING.md,My_Data,2026-04-28_GENERATION_GAP_NARROWING.md,,"[""signal"",""energy"",""alert""]",,My_Data,Signal
mydata:signal:2026-04-29-confirm-glp-1-metabolic-disease-revolution,2026-06-01,2026-04-29_CONFIRM_GLP_1_METABOLIC_DISEASE_REVOLUTION,,2026-04-29,,Signals,2026-04-29_CONFIRM_GLP_1_METABOLIC_DISEASE_REVOLUTION,2026-04-29_CONFIRM_GLP_1_METABOLIC_DISEASE_REVOLUTION,signal,obsidian://open?vault=My_Data&file=06_Signals%2F2026-04-29_CONFIRM_GLP_1_METABOLIC_DISEASE_REVOLUTION.md,06_Signals/2026-04-29_CONFIRM_GLP_1_METABOLIC_DISEASE_REVOLUTION.md,Healthcare Sector Basket,,,06_Signals,C:\Users\CaveUser\Documents\Obsidian Vault\My_Data\06_Signals\2026-04-29_CONFIRM_GLP_1_METABOLIC_DISEASE_REVOLUTION.md,My_Data,06_Signals,C:\Users\CaveUser\Documents\Obsidian Vault\My_Data\06_Signals\2026-04-29_CONFIRM_GLP_1_METABOLIC_DISEASE_REVOLUTION.md,06_Signals/2026-04-29_CONFIRM_GLP_1_METABOLIC_DISEASE_REVOLUTION.md,obsidian://open?vault=My_Data&file=06_Signals%2F2026-04-29_CONFIRM_GLP_1_METABOLIC_DISEASE_REVOLUTION.md,My_Data,2026-04-29_CONFIRM_GLP_1_METABOLIC_DISEASE_REVOLUTION.md,,"[""signal"",""sector-scan"",""confirm"",""glp-1-metabolic-disease-revolution""]",,My_Data,Signal
mydata:signal:2026-04-29-confirm-psychedelic-mental-health-revolution,2026-06-01,2026-04-29_CONFIRM_PSYCHEDELIC_MENTAL_HEALTH_REVOLUTION,,2026-04-29,,Signals,2026-04-29_CONFIRM_PSYCHEDELIC_MENTAL_HEALTH_REVOLUTION,2026-04-29_CONFIRM_PSYCHEDELIC_MENTAL_HEALTH_REVOLUTION,signal,obsidian://open?vault=My_Data&file=06_Signals%2F2026-04-29_CONFIRM_PSYCHEDELIC_MENTAL_HEALTH_REVOLUTION.md,06_Signals/2026-04-29_CONFIRM_PSYCHEDELIC_MENTAL_HEALTH_REVOLUTION.md,Healthcare Sector Basket,,,06_Signals,C:\Users\CaveUser\Documents\Obsidian Vault\My_Data\06_Signals\2026-04-29_CONFIRM_PSYCHEDELIC_MENTAL_HEALTH_REVOLUTION.md,My_Data,06_Signals,C:\Users\CaveUser\Documents\Obsidian Vault\My_Data\06_Signals\2026-04-29_CONFIRM_PSYCHEDELIC_MENTAL_HEALTH_REVOLUTION.md,06_Signals/2026-04-29_CONFIRM_PSYCHEDELIC_MENTAL_HEALTH_REVOLUTION.md,obsidian://open?vault=My_Data&file=06_Signals%2F2026-04-29_CONFIRM_PSYCHEDELIC_MENTAL_HEALTH_REVOLUTION.md,My_Data,2026-04-29_CONFIRM_PSYCHEDELIC_MENTAL_HEALTH_REVOLUTION.md,,"[""signal"",""sector-scan"",""confirm"",""psychedelic-mental-health-revolution""]",,My_Data,Signal
mydata:signal:2026-04-29-convergence-housing-supply-correction-20260429,2026-06-01,2026-04-29_CONVERGENCE_HOUSING_SUPPLY_CORRECTION_20260429,,2026-04-29,,Signals,2026-04-29_CONVERGENCE_HOUSING_SUPPLY_CORRECTION_20260429,2026-04-29_CONVERGENCE_HOUSING_SUPPLY_CORRECTION_20260429,signal,obsidian://open?vault=My_Data&file=06_Signals%2F2026-04-29_CONVERGENCE_HOUSING_SUPPLY_CORRECTION_20260429.md,06_Signals/2026-04-29_CONVERGENCE_HOUSING_SUPPLY_CORRECTION_20260429.md,,,,06_Signals,C:\Users\CaveUser\Documents\Obsidian Vault\My_Data\06_Signals\2026-04-29_CONVERGENCE_HOUSING_SUPPLY_CORRECTION_20260429.md,My_Data,06_Signals,C:\Users\CaveUser\Documents\Obsidian Vault\My_Data\06_Signals\2026-04-29_CONVERGENCE_HOUSING_SUPPLY_CORRECTION_20260429.md,06_Signals/2026-04-29_CONVERGENCE_HOUSING_SUPPLY_CORRECTION_20260429.md,obsidian://open?vault=My_Data&file=06_Signals%2F2026-04-29_CONVERGENCE_HOUSING_SUPPLY_CORRECTION_20260429.md,My_Data,2026-04-29_CONVERGENCE_HOUSING_SUPPLY_CORRECTION_20260429.md,,"[""signal"",""convergence"",""cross-domain"",""housing_supply_correction""]",,My_Data,Signal
mydata:signal:2026-04-30-confirm-psychedelic-mental-health-revolution,2026-06-01,2026-04-30_CONFIRM_PSYCHEDELIC_MENTAL_HEALTH_REVOLUTION,,2026-04-30,,Signals,2026-04-30_CONFIRM_PSYCHEDELIC_MENTAL_HEALTH_REVOLUTION,2026-04-30_CONFIRM_PSYCHEDELIC_MENTAL_HEALTH_REVOLUTION,signal,obsidian://open?vault=My_Data&file=06_Signals%2F2026-04-30_CONFIRM_PSYCHEDELIC_MENTAL_HEALTH_REVOLUTION.md,06_Signals/2026-04-30_CONFIRM_PSYCHEDELIC_MENTAL_HEALTH_REVOLUTION.md,Healthcare Sector Basket,,,06_Signals,C:\Users\CaveUser\Documents\Obsidian Vault\My_Data\06_Signals\2026-04-30_CONFIRM_PSYCHEDELIC_MENTAL_HEALTH_REVOLUTION.md,My_Data,06_Signals,C:\Users\CaveUser\Documents\Obsidian Vault\My_Data\06_Signals\2026-04-30_CONFIRM_PSYCHEDELIC_MENTAL_HEALTH_REVOLUTION.md,06_Signals/2026-04-30_CONFIRM_PSYCHEDELIC_MENTAL_HEALTH_REVOLUTION.md,obsidian://open?vault=My_Data&file=06_Signals%2F2026-04-30_CONFIRM_PSYCHEDELIC_MENTAL_HEALTH_REVOLUTION.md,My_Data,2026-04-30_CONFIRM_PSYCHEDELIC_MENTAL_HEALTH_REVOLUTION.md,,"[""signal"",""sector-scan"",""confirm"",""psychedelic-mental-health-revolution""]",,My_Data,Signal
mydata:signal:2026-04-30-convergence-housing-supply-correction-20260430,2026-06-01,2026-04-30_CONVERGENCE_HOUSING_SUPPLY_CORRECTION_20260430,,2026-04-30,,Signals,2026-04-30_CONVERGENCE_HOUSING_SUPPLY_CORRECTION_20260430,2026-04-30_CONVERGENCE_HOUSING_SUPPLY_CORRECTION_20260430,signal,obsidian://open?vault=My_Data&file=06_Signals%2F2026-04-30_CONVERGENCE_HOUSING_SUPPLY_CORRECTION_20260430.md,06_Signals/2026-04-30_CONVERGENCE_HOUSING_SUPPLY_CORRECTION_20260430.md,,,,06_Signals,C:\Users\CaveUser\Documents\Obsidian Vault\My_Data\06_Signals\2026-04-30_CONVERGENCE_HOUSING_SUPPLY_CORRECTION_20260430.md,My_Data,06_Signals,C:\Users\CaveUser\Documents\Obsidian Vault\My_Data\06_Signals\2026-04-30_CONVERGENCE_HOUSING_SUPPLY_CORRECTION_20260430.md,06_Signals/2026-04-30_CONVERGENCE_HOUSING_SUPPLY_CORRECTION_20260430.md,obsidian://open?vault=My_Data&file=06_Signals%2F2026-04-30_CONVERGENCE_HOUSING_SUPPLY_CORRECTION_20260430.md,My_Data,2026-04-30_CONVERGENCE_HOUSING_SUPPLY_CORRECTION_20260430.md,,"[""signal"",""convergence"",""cross-domain"",""housing_supply_correction""]",,My_Data,Signal
mydata:signal:2026-05-01-confirm-alzheimers-disease-modification,2026-06-01,2026-05-01_CONFIRM_ALZHEIMERS_DISEASE_MODIFICATION,,2026-05-01,,Signals,2026-05-01_CONFIRM_ALZHEIMERS_DISEASE_MODIFICATION,2026-05-01_CONFIRM_ALZHEIMERS_DISEASE_MODIFICATION,signal,obsidian://open?vault=My_Data&file=06_Signals%2F2026-05-01_CONFIRM_ALZHEIMERS_DISEASE_MODIFICATION.md,06_Signals/2026-05-01_CONFIRM_ALZHEIMERS_DISEASE_MODIFICATION.md,Healthcare Sector Basket,,,06_Signals,C:\Users\CaveUser\Documents\Obsidian Vault\My_Data\06_Signals\2026-05-01_CONFIRM_ALZHEIMERS_DISEASE_MODIFICATION.md,My_Data,06_Signals,C:\Users\CaveUser\Documents\Obsidian Vault\My_Data\06_Signals\2026-05-01_CONFIRM_ALZHEIMERS_DISEASE_MODIFICATION.md,06_Signals/2026-05-01_CONFIRM_ALZHEIMERS_DISEASE_MODIFICATION.md,obsidian://open?vault=My_Data&file=06_Signals%2F2026-05-01_CONFIRM_ALZHEIMERS_DISEASE_MODIFICATION.md,My_Data,2026-05-01_CONFIRM_ALZHEIMERS_DISEASE_MODIFICATION.md,,"[""signal"",""sector-scan"",""confirm"",""alzheimers-disease-modification""]",,My_Data,Signal
mydata:signal:2026-05-01-confirm-antimicrobial-resistance-pipeline,2026-06-01,2026-05-01_CONFIRM_ANTIMICROBIAL_RESISTANCE_PIPELINE,,2026-05-01,,Signals,2026-05-01_CONFIRM_ANTIMICROBIAL_RESISTANCE_PIPELINE,2026-05-01_CONFIRM_ANTIMICROBIAL_RESISTANCE_PIPELINE,signal,obsidian://open?vault=My_Data&file=06_Signals%2F2026-05-01_CONFIRM_ANTIMICROBIAL_RESISTANCE_PIPELINE.md,06_Signals/2026-05-01_CONFIRM_ANTIMICROBIAL_RESISTANCE_PIPELINE.md,Healthcare Sector Basket,,,06_Signals,C:\Users\CaveUser\Documents\Obsidian Vault\My_Data\06_Signals\2026-05-01_CONFIRM_ANTIMICROBIAL_RESISTANCE_PIPELINE.md,My_Data,06_Signals,C:\Users\CaveUser\Documents\Obsidian Vault\My_Data\06_Signals\2026-05-01_CONFIRM_ANTIMICROBIAL_RESISTANCE_PIPELINE.md,06_Signals/2026-05-01_CONFIRM_ANTIMICROBIAL_RESISTANCE_PIPELINE.md,obsidian://open?vault=My_Data&file=06_Signals%2F2026-05-01_CONFIRM_ANTIMICROBIAL_RESISTANCE_PIPELINE.md,My_Data,2026-05-01_CONFIRM_ANTIMICROBIAL_RESISTANCE_PIPELINE.md,,"[""signal"",""sector-scan"",""confirm"",""antimicrobial-resistance-pipeline""]",,My_Data,Signal
mydata:signal:2026-05-01-confirm-humanoid-robotics,2026-06-01,2026-05-01_CONFIRM_HUMANOID_ROBOTICS,,2026-05-01,,Signals,2026-05-01_CONFIRM_HUMANOID_ROBOTICS,2026-05-01_CONFIRM_HUMANOID_ROBOTICS,signal,obsidian://open?vault=My_Data&file=06_Signals%2F2026-05-01_CONFIRM_HUMANOID_ROBOTICS.md,06_Signals/2026-05-01_CONFIRM_HUMANOID_ROBOTICS.md,Consumer Staples Sector Basket,,,06_Signals,C:\Users\CaveUser\Documents\Obsidian Vault\My_Data\06_Signals\2026-05-01_CONFIRM_HUMANOID_ROBOTICS.md,My_Data,06_Signals,C:\Users\CaveUser\Documents\Obsidian Vault\My_Data\06_Signals\2026-05-01_CONFIRM_HUMANOID_ROBOTICS.md,06_Signals/2026-05-01_CONFIRM_HUMANOID_ROBOTICS.md,obsidian://open?vault=My_Data&file=06_Signals%2F2026-05-01_CONFIRM_HUMANOID_ROBOTICS.md,My_Data,2026-05-01_CONFIRM_HUMANOID_ROBOTICS.md,,"[""signal"",""sector-scan"",""confirm"",""humanoid-robotics""]",,My_Data,Signal
mydata:signal:2026-05-01-confirm-psychedelic-mental-health-revolution,2026-06-01,2026-05-01_CONFIRM_PSYCHEDELIC_MENTAL_HEALTH_REVOLUTION,,2026-05-01,,Signals,2026-05-01_CONFIRM_PSYCHEDELIC_MENTAL_HEALTH_REVOLUTION,2026-05-01_CONFIRM_PSYCHEDELIC_MENTAL_HEALTH_REVOLUTION,signal,obsidian://open?vault=My_Data&file=06_Signals%2F2026-05-01_CONFIRM_PSYCHEDELIC_MENTAL_HEALTH_REVOLUTION.md,06_Signals/2026-05-01_CONFIRM_PSYCHEDELIC_MENTAL_HEALTH_REVOLUTION.md,Healthcare Sector Basket,,,06_Signals,C:\Users\CaveUser\Documents\Obsidian Vault\My_Data\06_Signals\2026-05-01_CONFIRM_PSYCHEDELIC_MENTAL_HEALTH_REVOLUTION.md,My_Data,06_Signals,C:\Users\CaveUser\Documents\Obsidian Vault\My_Data\06_Signals\2026-05-01_CONFIRM_PSYCHEDELIC_MENTAL_HEALTH_REVOLUTION.md,06_Signals/2026-05-01_CONFIRM_PSYCHEDELIC_MENTAL_HEALTH_REVOLUTION.md,obsidian://open?vault=My_Data&file=06_Signals%2F2026-05-01_CONFIRM_PSYCHEDELIC_MENTAL_HEALTH_REVOLUTION.md,My_Data,2026-05-01_CONFIRM_PSYCHEDELIC_MENTAL_HEALTH_REVOLUTION.md,,"[""signal"",""sector-scan"",""confirm"",""psychedelic-mental-health-revolution""]",,My_Data,Signal
mydata:signal:2026-05-01-convergence-housing-supply-correction-20260501,2026-06-01,2026-05-01_CONVERGENCE_HOUSING_SUPPLY_CORRECTION_20260501,,2026-05-01,,Signals,2026-05-01_CONVERGENCE_HOUSING_SUPPLY_CORRECTION_20260501,2026-05-01_CONVERGENCE_HOUSING_SUPPLY_CORRECTION_20260501,signal,obsidian://open?vault=My_Data&file=06_Signals%2F2026-05-01_CONVERGENCE_HOUSING_SUPPLY_CORRECTION_20260501.md,06_Signals/2026-05-01_CONVERGENCE_HOUSING_SUPPLY_CORRECTION_20260501.md,,,,06_Signals,C:\Users\CaveUser\Documents\Obsidian Vault\My_Data\06_Signals\2026-05-01_CONVERGENCE_HOUSING_SUPPLY_CORRECTION_20260501.md,My_Data,06_Signals,C:\Users\CaveUser\Documents\Obsidian Vault\My_Data\06_Signals\2026-05-01_CONVERGENCE_HOUSING_SUPPLY_CORRECTION_20260501.md,06_Signals/2026-05-01_CONVERGENCE_HOUSING_SUPPLY_CORRECTION_20260501.md,obsidian://open?vault=My_Data&file=06_Signals%2F2026-05-01_CONVERGENCE_HOUSING_SUPPLY_CORRECTION_20260501.md,My_Data,2026-05-01_CONVERGENCE_HOUSING_SUPPLY_CORRECTION_20260501.md,,"[""signal"",""convergence"",""cross-domain"",""housing_supply_correction""]",,My_Data,Signal
mydata:signal:2026-05-01-dilution-amzn,2026-06-01,Dilution Alert — AMZN,signal,,2026-05-01,Signals,Dilution Alert — AMZN,Dilution Alert — AMZN,signal,obsidian://open?vault=My_Data&file=06_Signals%2F2026-05-01_DILUTION_AMZN.md,06_Signals/2026-05-01_DILUTION_AMZN.md,,alert,SEC EDGAR + FMP Premium,06_Signals,C:\Users\CaveUser\Documents\Obsidian Vault\My_Data\06_Signals\2026-05-01_DILUTION_AMZN.md,My_Data,06_Signals,C:\Users\CaveUser\Documents\Obsidian Vault\My_Data\06_Signals\2026-05-01_DILUTION_AMZN.md,06_Signals/2026-05-01_DILUTION_AMZN.md,obsidian://open?vault=My_Data&file=06_Signals%2F2026-05-01_DILUTION_AMZN.md,My_Data,2026-05-01_DILUTION_AMZN.md,AMZN,"[""signal"",""dilution"",""amzn""]",AMZN,My_Data,Signal
mydata:signal:2026-05-01-dilution-ceg,2026-06-01,Dilution Alert — CEG,signal,,2026-05-01,Signals,Dilution Alert — CEG,Dilution Alert — CEG,signal,obsidian://open?vault=My_Data&file=06_Signals%2F2026-05-01_DILUTION_CEG.md,06_Signals/2026-05-01_DILUTION_CEG.md,,alert,SEC EDGAR + FMP Premium,06_Signals,C:\Users\CaveUser\Documents\Obsidian Vault\My_Data\06_Signals\2026-05-01_DILUTION_CEG.md,My_Data,06_Signals,C:\Users\CaveUser\Documents\Obsidian Vault\My_Data\06_Signals\2026-05-01_DILUTION_CEG.md,06_Signals/2026-05-01_DILUTION_CEG.md,obsidian://open?vault=My_Data&file=06_Signals%2F2026-05-01_DILUTION_CEG.md,My_Data,2026-05-01_DILUTION_CEG.md,CEG,"[""signal"",""dilution"",""ceg""]",CEG,My_Data,Signal
mydata:signal:2026-05-01-dilution-jnj,2026-06-01,Dilution Alert — JNJ,signal,,2026-05-01,Signals,Dilution Alert — JNJ,Dilution Alert — JNJ,signal,obsidian://open?vault=My_Data&file=06_Signals%2F2026-05-01_DILUTION_JNJ.md,06_Signals/2026-05-01_DILUTION_JNJ.md,,alert,SEC EDGAR + FMP Premium,06_Signals,C:\Users\CaveUser\Documents\Obsidian Vault\My_Data\06_Signals\2026-05-01_DILUTION_JNJ.md,My_Data,06_Signals,C:\Users\CaveUser\Documents\Obsidian Vault\My_Data\06_Signals\2026-05-01_DILUTION_JNJ.md,06_Signals/2026-05-01_DILUTION_JNJ.md,obsidian://open?vault=My_Data&file=06_Signals%2F2026-05-01_DILUTION_JNJ.md,My_Data,2026-05-01_DILUTION_JNJ.md,JNJ,"[""signal"",""dilution"",""jnj""]",JNJ,My_Data,Signal
mydata:signal:2026-05-01-dilution-ktos,2026-06-01,Dilution Alert — KTOS,signal,,2026-05-01,Signals,Dilution Alert — KTOS,Dilution Alert — KTOS,signal,obsidian://open?vault=My_Data&file=06_Signals%2F2026-05-01_DILUTION_KTOS.md,06_Signals/2026-05-01_DILUTION_KTOS.md,,alert,SEC EDGAR + FMP Premium,06_Signals,C:\Users\CaveUser\Documents\Obsidian Vault\My_Data\06_Signals\2026-05-01_DILUTION_KTOS.md,My_Data,06_Signals,C:\Users\CaveUser\Documents\Obsidian Vault\My_Data\06_Signals\2026-05-01_DILUTION_KTOS.md,06_Signals/2026-05-01_DILUTION_KTOS.md,obsidian://open?vault=My_Data&file=06_Signals%2F2026-05-01_DILUTION_KTOS.md,My_Data,2026-05-01_DILUTION_KTOS.md,KTOS,"[""signal"",""dilution"",""ktos""]",KTOS,My_Data,Signal
mydata:signal:2026-05-01-dilution-len,2026-06-01,Dilution Alert — LEN,signal,,2026-05-01,Signals,Dilution Alert — LEN,Dilution Alert — LEN,signal,obsidian://open?vault=My_Data&file=06_Signals%2F2026-05-01_DILUTION_LEN.md,06_Signals/2026-05-01_DILUTION_LEN.md,,alert,SEC EDGAR + FMP Premium,06_Signals,C:\Users\CaveUser\Documents\Obsidian Vault\My_Data\06_Signals\2026-05-01_DILUTION_LEN.md,My_Data,06_Signals,C:\Users\CaveUser\Documents\Obsidian Vault\My_Data\06_Signals\2026-05-01_DILUTION_LEN.md,06_Signals/2026-05-01_DILUTION_LEN.md,obsidian://open?vault=My_Data&file=06_Signals%2F2026-05-01_DILUTION_LEN.md,My_Data,2026-05-01_DILUTION_LEN.md,LEN,"[""signal"",""dilution"",""len""]",LEN,My_Data,Signal
mydata:signal:2026-05-01-dilution-lhx,2026-06-01,Dilution Alert — LHX,signal,,2026-05-01,Signals,Dilution Alert — LHX,Dilution Alert — LHX,signal,obsidian://open?vault=My_Data&file=06_Signals%2F2026-05-01_DILUTION_LHX.md,06_Signals/2026-05-01_DILUTION_LHX.md,,alert,SEC EDGAR + FMP Premium,06_Signals,C:\Users\CaveUser\Documents\Obsidian Vault\My_Data\06_Signals\2026-05-01_DILUTION_LHX.md,My_Data,06_Signals,C:\Users\CaveUser\Documents\Obsidian Vault\My_Data\06_Signals\2026-05-01_DILUTION_LHX.md,06_Signals/2026-05-01_DILUTION_LHX.md,obsidian://open?vault=My_Data&file=06_Signals%2F2026-05-01_DILUTION_LHX.md,My_Data,2026-05-01_DILUTION_LHX.md,LHX,"[""signal"",""dilution"",""lhx""]",LHX,My_Data,Signal
mydata:signal:2026-05-01-dilution-lmt,2026-06-01,Dilution Alert — LMT,signal,,2026-05-01,Signals,Dilution Alert — LMT,Dilution Alert — LMT,signal,obsidian://open?vault=My_Data&file=06_Signals%2F2026-05-01_DILUTION_LMT.md,06_Signals/2026-05-01_DILUTION_LMT.md,,alert,SEC EDGAR + FMP Premium,06_Signals,C:\Users\CaveUser\Documents\Obsidian Vault\My_Data\06_Signals\2026-05-01_DILUTION_LMT.md,My_Data,06_Signals,C:\Users\CaveUser\Documents\Obsidian Vault\My_Data\06_Signals\2026-05-01_DILUTION_LMT.md,06_Signals/2026-05-01_DILUTION_LMT.md,obsidian://open?vault=My_Data&file=06_Signals%2F2026-05-01_DILUTION_LMT.md,My_Data,2026-05-01_DILUTION_LMT.md,LMT,"[""signal"",""dilution"",""lmt""]",LMT,My_Data,Signal
mydata:signal:2026-05-01-dilution-noc,2026-06-01,Dilution Alert — NOC,signal,,2026-05-01,Signals,Dilution Alert — NOC,Dilution Alert — NOC,signal,obsidian://open?vault=My_Data&file=06_Signals%2F2026-05-01_DILUTION_NOC.md,06_Signals/2026-05-01_DILUTION_NOC.md,,alert,SEC EDGAR + FMP Premium,06_Signals,C:\Users\CaveUser\Documents\Obsidian Vault\My_Data\06_Signals\2026-05-01_DILUTION_NOC.md,My_Data,06_Signals,C:\Users\CaveUser\Documents\Obsidian Vault\My_Data\06_Signals\2026-05-01_DILUTION_NOC.md,06_Signals/2026-05-01_DILUTION_NOC.md,obsidian://open?vault=My_Data&file=06_Signals%2F2026-05-01_DILUTION_NOC.md,My_Data,2026-05-01_DILUTION_NOC.md,NOC,"[""signal"",""dilution"",""noc""]",NOC,My_Data,Signal
mydata:signal:2026-05-01-dilution-nrg,2026-06-01,Dilution Alert — NRG,signal,,2026-05-01,Signals,Dilution Alert — NRG,Dilution Alert — NRG,signal,obsidian://open?vault=My_Data&file=06_Signals%2F2026-05-01_DILUTION_NRG.md,06_Signals/2026-05-01_DILUTION_NRG.md,,alert,SEC EDGAR + FMP Premium,06_Signals,C:\Users\CaveUser\Documents\Obsidian Vault\My_Data\06_Signals\2026-05-01_DILUTION_NRG.md,My_Data,06_Signals,C:\Users\CaveUser\Documents\Obsidian Vault\My_Data\06_Signals\2026-05-01_DILUTION_NRG.md,06_Signals/2026-05-01_DILUTION_NRG.md,obsidian://open?vault=My_Data&file=06_Signals%2F2026-05-01_DILUTION_NRG.md,My_Data,2026-05-01_DILUTION_NRG.md,NRG,"[""signal"",""dilution"",""nrg""]",NRG,My_Data,Signal
mydata:signal:2026-05-01-dilution-rcat,2026-06-01,Dilution Alert — RCAT,signal,,2026-05-01,Signals,Dilution Alert — RCAT,Dilution Alert — RCAT,signal,obsidian://open?vault=My_Data&file=06_Signals%2F2026-05-01_DILUTION_RCAT.md,06_Signals/2026-05-01_DILUTION_RCAT.md,,alert,SEC EDGAR + FMP Premium,06_Signals,C:\Users\CaveUser\Documents\Obsidian Vault\My_Data\06_Signals\2026-05-01_DILUTION_RCAT.md,My_Data,06_Signals,C:\Users\CaveUser\Documents\Obsidian Vault\My_Data\06_Signals\2026-05-01_DILUTION_RCAT.md,06_Signals/2026-05-01_DILUTION_RCAT.md,obsidian://open?vault=My_Data&file=06_Signals%2F2026-05-01_DILUTION_RCAT.md,My_Data,2026-05-01_DILUTION_RCAT.md,RCAT,"[""signal"",""dilution"",""rcat""]",RCAT,My_Data,Signal
mydata:signal:2026-05-01-dilution-xom,2026-06-01,Dilution Alert — XOM,signal,,2026-05-01,Signals,Dilution Alert — XOM,Dilution Alert — XOM,signal,obsidian://open?vault=My_Data&file=06_Signals%2F2026-05-01_DILUTION_XOM.md,06_Signals/2026-05-01_DILUTION_XOM.md,,alert,SEC EDGAR + FMP Premium,06_Signals,C:\Users\CaveUser\Documents\Obsidian Vault\My_Data\06_Signals\2026-05-01_DILUTION_XOM.md,My_Data,06_Signals,C:\Users\CaveUser\Documents\Obsidian Vault\My_Data\06_Signals\2026-05-01_DILUTION_XOM.md,06_Signals/2026-05-01_DILUTION_XOM.md,obsidian://open?vault=My_Data&file=06_Signals%2F2026-05-01_DILUTION_XOM.md,My_Data,2026-05-01_DILUTION_XOM.md,XOM,"[""signal"",""dilution"",""xom""]",XOM,My_Data,Signal
mydata:signal:2026-05-01-fema-spike,2026-06-01,2026-05-01_FEMA_SPIKE,,2026-05-01,,Signals,2026-05-01_FEMA_SPIKE,2026-05-01_FEMA_SPIKE,signal,obsidian://open?vault=My_Data&file=06_Signals%2F2026-05-01_FEMA_SPIKE.md,06_Signals/2026-05-01_FEMA_SPIKE.md,,,,06_Signals,C:\Users\CaveUser\Documents\Obsidian Vault\My_Data\06_Signals\2026-05-01_FEMA_SPIKE.md,My_Data,06_Signals,C:\Users\CaveUser\Documents\Obsidian Vault\My_Data\06_Signals\2026-05-01_FEMA_SPIKE.md,06_Signals/2026-05-01_FEMA_SPIKE.md,obsidian://open?vault=My_Data&file=06_Signals%2F2026-05-01_FEMA_SPIKE.md,My_Data,2026-05-01_FEMA_SPIKE.md,,"[""signal"",""fema""]",,My_Data,Signal
mydata:signal:2026-05-01-generation-gap-narrowing,2026-06-01,2026-05-01_GENERATION_GAP_NARROWING,,2026-05-01,,Signals,2026-05-01_GENERATION_GAP_NARROWING,2026-05-01_GENERATION_GAP_NARROWING,signal,obsidian://open?vault=My_Data&file=06_Signals%2F2026-05-01_GENERATION_GAP_NARROWING.md,06_Signals/2026-05-01_GENERATION_GAP_NARROWING.md,,,,06_Signals,C:\Users\CaveUser\Documents\Obsidian Vault\My_Data\06_Signals\2026-05-01_GENERATION_GAP_NARROWING.md,My_Data,06_Signals,C:\Users\CaveUser\Documents\Obsidian Vault\My_Data\06_Signals\2026-05-01_GENERATION_GAP_NARROWING.md,06_Signals/2026-05-01_GENERATION_GAP_NARROWING.md,obsidian://open?vault=My_Data&file=06_Signals%2F2026-05-01_GENERATION_GAP_NARROWING.md,My_Data,2026-05-01_GENERATION_GAP_NARROWING.md,,"[""signal"",""energy"",""alert""]",,My_Data,Signal
mydata:signal:2026-05-01-reverse-repo-depleted,2026-06-01,2026-05-01_REVERSE_REPO_DEPLETED,,2026-05-01,,Signals,2026-05-01_REVERSE_REPO_DEPLETED,2026-05-01_REVERSE_REPO_DEPLETED,signal,obsidian://open?vault=My_Data&file=06_Signals%2F2026-05-01_REVERSE_REPO_DEPLETED.md,06_Signals/2026-05-01_REVERSE_REPO_DEPLETED.md,,,,06_Signals,C:\Users\CaveUser\Documents\Obsidian Vault\My_Data\06_Signals\2026-05-01_REVERSE_REPO_DEPLETED.md,My_Data,06_Signals,C:\Users\CaveUser\Documents\Obsidian Vault\My_Data\06_Signals\2026-05-01_REVERSE_REPO_DEPLETED.md,06_Signals/2026-05-01_REVERSE_REPO_DEPLETED.md,obsidian://open?vault=My_Data&file=06_Signals%2F2026-05-01_REVERSE_REPO_DEPLETED.md,My_Data,2026-05-01_REVERSE_REPO_DEPLETED.md,,"[""signal"",""macro"",""alert""]",,My_Data,Signal
mydata:signal:2026-05-02-confirm-antimicrobial-resistance-pipeline,2026-06-01,2026-05-02_CONFIRM_ANTIMICROBIAL_RESISTANCE_PIPELINE,,2026-05-02,,Signals,2026-05-02_CONFIRM_ANTIMICROBIAL_RESISTANCE_PIPELINE,2026-05-02_CONFIRM_ANTIMICROBIAL_RESISTANCE_PIPELINE,signal,obsidian://open?vault=My_Data&file=06_Signals%2F2026-05-02_CONFIRM_ANTIMICROBIAL_RESISTANCE_PIPELINE.md,06_Signals/2026-05-02_CONFIRM_ANTIMICROBIAL_RESISTANCE_PIPELINE.md,Healthcare Sector Basket,,,06_Signals,C:\Users\CaveUser\Documents\Obsidian Vault\My_Data\06_Signals\2026-05-02_CONFIRM_ANTIMICROBIAL_RESISTANCE_PIPELINE.md,My_Data,06_Signals,C:\Users\CaveUser\Documents\Obsidian Vault\My_Data\06_Signals\2026-05-02_CONFIRM_ANTIMICROBIAL_RESISTANCE_PIPELINE.md,06_Signals/2026-05-02_CONFIRM_ANTIMICROBIAL_RESISTANCE_PIPELINE.md,obsidian://open?vault=My_Data&file=06_Signals%2F2026-05-02_CONFIRM_ANTIMICROBIAL_RESISTANCE_PIPELINE.md,My_Data,2026-05-02_CONFIRM_ANTIMICROBIAL_RESISTANCE_PIPELINE.md,,"[""signal"",""sector-scan"",""confirm"",""antimicrobial-resistance-pipeline""]",,My_Data,Signal
mydata:signal:2026-05-02-confirm-psychedelic-mental-health-revolution,2026-06-01,2026-05-02_CONFIRM_PSYCHEDELIC_MENTAL_HEALTH_REVOLUTION,,2026-05-02,,Signals,2026-05-02_CONFIRM_PSYCHEDELIC_MENTAL_HEALTH_REVOLUTION,2026-05-02_CONFIRM_PSYCHEDELIC_MENTAL_HEALTH_REVOLUTION,signal,obsidian://open?vault=My_Data&file=06_Signals%2F2026-05-02_CONFIRM_PSYCHEDELIC_MENTAL_HEALTH_REVOLUTION.md,06_Signals/2026-05-02_CONFIRM_PSYCHEDELIC_MENTAL_HEALTH_REVOLUTION.md,Healthcare Sector Basket,,,06_Signals,C:\Users\CaveUser\Documents\Obsidian Vault\My_Data\06_Signals\2026-05-02_CONFIRM_PSYCHEDELIC_MENTAL_HEALTH_REVOLUTION.md,My_Data,06_Signals,C:\Users\CaveUser\Documents\Obsidian Vault\My_Data\06_Signals\2026-05-02_CONFIRM_PSYCHEDELIC_MENTAL_HEALTH_REVOLUTION.md,06_Signals/2026-05-02_CONFIRM_PSYCHEDELIC_MENTAL_HEALTH_REVOLUTION.md,obsidian://open?vault=My_Data&file=06_Signals%2F2026-05-02_CONFIRM_PSYCHEDELIC_MENTAL_HEALTH_REVOLUTION.md,My_Data,2026-05-02_CONFIRM_PSYCHEDELIC_MENTAL_HEALTH_REVOLUTION.md,,"[""signal"",""sector-scan"",""confirm"",""psychedelic-mental-health-revolution""]",,My_Data,Signal
mydata:signal:2026-05-02-convergence-housing-supply-correction-20260502,2026-06-01,2026-05-02_CONVERGENCE_HOUSING_SUPPLY_CORRECTION_20260502,,2026-05-02,,Signals,2026-05-02_CONVERGENCE_HOUSING_SUPPLY_CORRECTION_20260502,2026-05-02_CONVERGENCE_HOUSING_SUPPLY_CORRECTION_20260502,signal,obsidian://open?vault=My_Data&file=06_Signals%2F2026-05-02_CONVERGENCE_HOUSING_SUPPLY_CORRECTION_20260502.md,06_Signals/2026-05-02_CONVERGENCE_HOUSING_SUPPLY_CORRECTION_20260502.md,,,,06_Signals,C:\Users\CaveUser\Documents\Obsidian Vault\My_Data\06_Signals\2026-05-02_CONVERGENCE_HOUSING_SUPPLY_CORRECTION_20260502.md,My_Data,06_Signals,C:\Users\CaveUser\Documents\Obsidian Vault\My_Data\06_Signals\2026-05-02_CONVERGENCE_HOUSING_SUPPLY_CORRECTION_20260502.md,06_Signals/2026-05-02_CONVERGENCE_HOUSING_SUPPLY_CORRECTION_20260502.md,obsidian://open?vault=My_Data&file=06_Signals%2F2026-05-02_CONVERGENCE_HOUSING_SUPPLY_CORRECTION_20260502.md,My_Data,2026-05-02_CONVERGENCE_HOUSING_SUPPLY_CORRECTION_20260502.md,,"[""signal"",""convergence"",""cross-domain"",""housing_supply_correction""]",,My_Data,Signal
mydata:signal:2026-05-02-dilution-amzn,2026-06-01,Dilution Alert — AMZN,signal,,2026-05-02,Signals,Dilution Alert — AMZN,Dilution Alert — AMZN,signal,obsidian://open?vault=My_Data&file=06_Signals%2F2026-05-02_DILUTION_AMZN.md,06_Signals/2026-05-02_DILUTION_AMZN.md,,alert,SEC EDGAR + FMP Premium,06_Signals,C:\Users\CaveUser\Documents\Obsidian Vault\My_Data\06_Signals\2026-05-02_DILUTION_AMZN.md,My_Data,06_Signals,C:\Users\CaveUser\Documents\Obsidian Vault\My_Data\06_Signals\2026-05-02_DILUTION_AMZN.md,06_Signals/2026-05-02_DILUTION_AMZN.md,obsidian://open?vault=My_Data&file=06_Signals%2F2026-05-02_DILUTION_AMZN.md,My_Data,2026-05-02_DILUTION_AMZN.md,AMZN,"[""signal"",""dilution"",""amzn""]",AMZN,My_Data,Signal
mydata:signal:2026-05-02-dilution-ceg,2026-06-01,Dilution Alert — CEG,signal,,2026-05-02,Signals,Dilution Alert — CEG,Dilution Alert — CEG,signal,obsidian://open?vault=My_Data&file=06_Signals%2F2026-05-02_DILUTION_CEG.md,06_Signals/2026-05-02_DILUTION_CEG.md,,alert,SEC EDGAR + FMP Premium,06_Signals,C:\Users\CaveUser\Documents\Obsidian Vault\My_Data\06_Signals\2026-05-02_DILUTION_CEG.md,My_Data,06_Signals,C:\Users\CaveUser\Documents\Obsidian Vault\My_Data\06_Signals\2026-05-02_DILUTION_CEG.md,06_Signals/2026-05-02_DILUTION_CEG.md,obsidian://open?vault=My_Data&file=06_Signals%2F2026-05-02_DILUTION_CEG.md,My_Data,2026-05-02_DILUTION_CEG.md,CEG,"[""signal"",""dilution"",""ceg""]",CEG,My_Data,Signal
mydata:signal:2026-05-02-dilution-jnj,2026-06-01,Dilution Alert — JNJ,signal,,2026-05-02,Signals,Dilution Alert — JNJ,Dilution Alert — JNJ,signal,obsidian://open?vault=My_Data&file=06_Signals%2F2026-05-02_DILUTION_JNJ.md,06_Signals/2026-05-02_DILUTION_JNJ.md,,alert,SEC EDGAR + FMP Premium,06_Signals,C:\Users\CaveUser\Documents\Obsidian Vault\My_Data\06_Signals\2026-05-02_DILUTION_JNJ.md,My_Data,06_Signals,C:\Users\CaveUser\Documents\Obsidian Vault\My_Data\06_Signals\2026-05-02_DILUTION_JNJ.md,06_Signals/2026-05-02_DILUTION_JNJ.md,obsidian://open?vault=My_Data&file=06_Signals%2F2026-05-02_DILUTION_JNJ.md,My_Data,2026-05-02_DILUTION_JNJ.md,JNJ,"[""signal"",""dilution"",""jnj""]",JNJ,My_Data,Signal
mydata:signal:2026-05-02-dilution-ktos,2026-06-01,Dilution Alert — KTOS,signal,,2026-05-02,Signals,Dilution Alert — KTOS,Dilution Alert — KTOS,signal,obsidian://open?vault=My_Data&file=06_Signals%2F2026-05-02_DILUTION_KTOS.md,06_Signals/2026-05-02_DILUTION_KTOS.md,,alert,SEC EDGAR + FMP Premium,06_Signals,C:\Users\CaveUser\Documents\Obsidian Vault\My_Data\06_Signals\2026-05-02_DILUTION_KTOS.md,My_Data,06_Signals,C:\Users\CaveUser\Documents\Obsidian Vault\My_Data\06_Signals\2026-05-02_DILUTION_KTOS.md,06_Signals/2026-05-02_DILUTION_KTOS.md,obsidian://open?vault=My_Data&file=06_Signals%2F2026-05-02_DILUTION_KTOS.md,My_Data,2026-05-02_DILUTION_KTOS.md,KTOS,"[""signal"",""dilution"",""ktos""]",KTOS,My_Data,Signal
mydata:signal:2026-05-02-dilution-len,2026-06-01,Dilution Alert — LEN,signal,,2026-05-02,Signals,Dilution Alert — LEN,Dilution Alert — LEN,signal,obsidian://open?vault=My_Data&file=06_Signals%2F2026-05-02_DILUTION_LEN.md,06_Signals/2026-05-02_DILUTION_LEN.md,,alert,SEC EDGAR + FMP Premium,06_Signals,C:\Users\CaveUser\Documents\Obsidian Vault\My_Data\06_Signals\2026-05-02_DILUTION_LEN.md,My_Data,06_Signals,C:\Users\CaveUser\Documents\Obsidian Vault\My_Data\06_Signals\2026-05-02_DILUTION_LEN.md,06_Signals/2026-05-02_DILUTION_LEN.md,obsidian://open?vault=My_Data&file=06_Signals%2F2026-05-02_DILUTION_LEN.md,My_Data,2026-05-02_DILUTION_LEN.md,LEN,"[""signal"",""dilution"",""len""]",LEN,My_Data,Signal
mydata:signal:2026-05-02-dilution-lhx,2026-06-01,Dilution Alert — LHX,signal,,2026-05-02,Signals,Dilution Alert — LHX,Dilution Alert — LHX,signal,obsidian://open?vault=My_Data&file=06_Signals%2F2026-05-02_DILUTION_LHX.md,06_Signals/2026-05-02_DILUTION_LHX.md,,alert,SEC EDGAR + FMP Premium,06_Signals,C:\Users\CaveUser\Documents\Obsidian Vault\My_Data\06_Signals\2026-05-02_DILUTION_LHX.md,My_Data,06_Signals,C:\Users\CaveUser\Documents\Obsidian Vault\My_Data\06_Signals\2026-05-02_DILUTION_LHX.md,06_Signals/2026-05-02_DILUTION_LHX.md,obsidian://open?vault=My_Data&file=06_Signals%2F2026-05-02_DILUTION_LHX.md,My_Data,2026-05-02_DILUTION_LHX.md,LHX,"[""signal"",""dilution"",""lhx""]",LHX,My_Data,Signal
mydata:signal:2026-05-02-dilution-lmt,2026-06-01,Dilution Alert — LMT,signal,,2026-05-02,Signals,Dilution Alert — LMT,Dilution Alert — LMT,signal,obsidian://open?vault=My_Data&file=06_Signals%2F2026-05-02_DILUTION_LMT.md,06_Signals/2026-05-02_DILUTION_LMT.md,,alert,SEC EDGAR + FMP Premium,06_Signals,C:\Users\CaveUser\Documents\Obsidian Vault\My_Data\06_Signals\2026-05-02_DILUTION_LMT.md,My_Data,06_Signals,C:\Users\CaveUser\Documents\Obsidian Vault\My_Data\06_Signals\2026-05-02_DILUTION_LMT.md,06_Signals/2026-05-02_DILUTION_LMT.md,obsidian://open?vault=My_Data&file=06_Signals%2F2026-05-02_DILUTION_LMT.md,My_Data,2026-05-02_DILUTION_LMT.md,LMT,"[""signal"",""dilution"",""lmt""]",LMT,My_Data,Signal
mydata:signal:2026-05-02-dilution-noc,2026-06-01,Dilution Alert — NOC,signal,,2026-05-02,Signals,Dilution Alert — NOC,Dilution Alert — NOC,signal,obsidian://open?vault=My_Data&file=06_Signals%2F2026-05-02_DILUTION_NOC.md,06_Signals/2026-05-02_DILUTION_NOC.md,,alert,SEC EDGAR + FMP Premium,06_Signals,C:\Users\CaveUser\Documents\Obsidian Vault\My_Data\06_Signals\2026-05-02_DILUTION_NOC.md,My_Data,06_Signals,C:\Users\CaveUser\Documents\Obsidian Vault\My_Data\06_Signals\2026-05-02_DILUTION_NOC.md,06_Signals/2026-05-02_DILUTION_NOC.md,obsidian://open?vault=My_Data&file=06_Signals%2F2026-05-02_DILUTION_NOC.md,My_Data,2026-05-02_DILUTION_NOC.md,NOC,"[""signal"",""dilution"",""noc""]",NOC,My_Data,Signal
mydata:signal:2026-05-02-dilution-nrg,2026-06-01,Dilution Alert — NRG,signal,,2026-05-02,Signals,Dilution Alert — NRG,Dilution Alert — NRG,signal,obsidian://open?vault=My_Data&file=06_Signals%2F2026-05-02_DILUTION_NRG.md,06_Signals/2026-05-02_DILUTION_NRG.md,,alert,SEC EDGAR + FMP Premium,06_Signals,C:\Users\CaveUser\Documents\Obsidian Vault\My_Data\06_Signals\2026-05-02_DILUTION_NRG.md,My_Data,06_Signals,C:\Users\CaveUser\Documents\Obsidian Vault\My_Data\06_Signals\2026-05-02_DILUTION_NRG.md,06_Signals/2026-05-02_DILUTION_NRG.md,obsidian://open?vault=My_Data&file=06_Signals%2F2026-05-02_DILUTION_NRG.md,My_Data,2026-05-02_DILUTION_NRG.md,NRG,"[""signal"",""dilution"",""nrg""]",NRG,My_Data,Signal
mydata:signal:2026-05-02-dilution-rcat,2026-06-01,Dilution Alert — RCAT,signal,,2026-05-02,Signals,Dilution Alert — RCAT,Dilution Alert — RCAT,signal,obsidian://open?vault=My_Data&file=06_Signals%2F2026-05-02_DILUTION_RCAT.md,06_Signals/2026-05-02_DILUTION_RCAT.md,,alert,SEC EDGAR + FMP Premium,06_Signals,C:\Users\CaveUser\Documents\Obsidian Vault\My_Data\06_Signals\2026-05-02_DILUTION_RCAT.md,My_Data,06_Signals,C:\Users\CaveUser\Documents\Obsidian Vault\My_Data\06_Signals\2026-05-02_DILUTION_RCAT.md,06_Signals/2026-05-02_DILUTION_RCAT.md,obsidian://open?vault=My_Data&file=06_Signals%2F2026-05-02_DILUTION_RCAT.md,My_Data,2026-05-02_DILUTION_RCAT.md,RCAT,"[""signal"",""dilution"",""rcat""]",RCAT,My_Data,Signal
mydata:signal:2026-05-02-dilution-xom,2026-06-01,Dilution Alert — XOM,signal,,2026-05-02,Signals,Dilution Alert — XOM,Dilution Alert — XOM,signal,obsidian://open?vault=My_Data&file=06_Signals%2F2026-05-02_DILUTION_XOM.md,06_Signals/2026-05-02_DILUTION_XOM.md,,alert,SEC EDGAR + FMP Premium,06_Signals,C:\Users\CaveUser\Documents\Obsidian Vault\My_Data\06_Signals\2026-05-02_DILUTION_XOM.md,My_Data,06_Signals,C:\Users\CaveUser\Documents\Obsidian Vault\My_Data\06_Signals\2026-05-02_DILUTION_XOM.md,06_Signals/2026-05-02_DILUTION_XOM.md,obsidian://open?vault=My_Data&file=06_Signals%2F2026-05-02_DILUTION_XOM.md,My_Data,2026-05-02_DILUTION_XOM.md,XOM,"[""signal"",""dilution"",""xom""]",XOM,My_Data,Signal
mydata:signal:2026-05-02-fema-spike,2026-06-01,2026-05-02_FEMA_SPIKE,,2026-05-02,,Signals,2026-05-02_FEMA_SPIKE,2026-05-02_FEMA_SPIKE,signal,obsidian://open?vault=My_Data&file=06_Signals%2F2026-05-02_FEMA_SPIKE.md,06_Signals/2026-05-02_FEMA_SPIKE.md,,,,06_Signals,C:\Users\CaveUser\Documents\Obsidian Vault\My_Data\06_Signals\2026-05-02_FEMA_SPIKE.md,My_Data,06_Signals,C:\Users\CaveUser\Documents\Obsidian Vault\My_Data\06_Signals\2026-05-02_FEMA_SPIKE.md,06_Signals/2026-05-02_FEMA_SPIKE.md,obsidian://open?vault=My_Data&file=06_Signals%2F2026-05-02_FEMA_SPIKE.md,My_Data,2026-05-02_FEMA_SPIKE.md,,"[""signal"",""fema""]",,My_Data,Signal
mydata:signal:2026-05-02-generation-gap-narrowing,2026-06-01,2026-05-02_GENERATION_GAP_NARROWING,,2026-05-02,,Signals,2026-05-02_GENERATION_GAP_NARROWING,2026-05-02_GENERATION_GAP_NARROWING,signal,obsidian://open?vault=My_Data&file=06_Signals%2F2026-05-02_GENERATION_GAP_NARROWING.md,06_Signals/2026-05-02_GENERATION_GAP_NARROWING.md,,,,06_Signals,C:\Users\CaveUser\Documents\Obsidian Vault\My_Data\06_Signals\2026-05-02_GENERATION_GAP_NARROWING.md,My_Data,06_Signals,C:\Users\CaveUser\Documents\Obsidian Vault\My_Data\06_Signals\2026-05-02_GENERATION_GAP_NARROWING.md,06_Signals/2026-05-02_GENERATION_GAP_NARROWING.md,obsidian://open?vault=My_Data&file=06_Signals%2F2026-05-02_GENERATION_GAP_NARROWING.md,My_Data,2026-05-02_GENERATION_GAP_NARROWING.md,,"[""signal"",""energy"",""alert""]",,My_Data,Signal
mydata:signal:2026-05-02-reverse-repo-depleted,2026-06-01,2026-05-02_REVERSE_REPO_DEPLETED,,2026-05-02,,Signals,2026-05-02_REVERSE_REPO_DEPLETED,2026-05-02_REVERSE_REPO_DEPLETED,signal,obsidian://open?vault=My_Data&file=06_Signals%2F2026-05-02_REVERSE_REPO_DEPLETED.md,06_Signals/2026-05-02_REVERSE_REPO_DEPLETED.md,,,,06_Signals,C:\Users\CaveUser\Documents\Obsidian Vault\My_Data\06_Signals\2026-05-02_REVERSE_REPO_DEPLETED.md,My_Data,06_Signals,C:\Users\CaveUser\Documents\Obsidian Vault\My_Data\06_Signals\2026-05-02_REVERSE_REPO_DEPLETED.md,06_Signals/2026-05-02_REVERSE_REPO_DEPLETED.md,obsidian://open?vault=My_Data&file=06_Signals%2F2026-05-02_REVERSE_REPO_DEPLETED.md,My_Data,2026-05-02_REVERSE_REPO_DEPLETED.md,,"[""signal"",""macro"",""alert""]",,My_Data,Signal
mydata:signal:2026-05-05-confirm-alzheimers-disease-modification,2026-06-01,2026-05-05_CONFIRM_ALZHEIMERS_DISEASE_MODIFICATION,,2026-05-05,,Signals,2026-05-05_CONFIRM_ALZHEIMERS_DISEASE_MODIFICATION,2026-05-05_CONFIRM_ALZHEIMERS_DISEASE_MODIFICATION,signal,obsidian://open?vault=My_Data&file=06_Signals%2F2026-05-05_CONFIRM_ALZHEIMERS_DISEASE_MODIFICATION.md,06_Signals/2026-05-05_CONFIRM_ALZHEIMERS_DISEASE_MODIFICATION.md,Healthcare Sector Basket,,,06_Signals,C:\Users\CaveUser\Documents\Obsidian Vault\My_Data\06_Signals\2026-05-05_CONFIRM_ALZHEIMERS_DISEASE_MODIFICATION.md,My_Data,06_Signals,C:\Users\CaveUser\Documents\Obsidian Vault\My_Data\06_Signals\2026-05-05_CONFIRM_ALZHEIMERS_DISEASE_MODIFICATION.md,06_Signals/2026-05-05_CONFIRM_ALZHEIMERS_DISEASE_MODIFICATION.md,obsidian://open?vault=My_Data&file=06_Signals%2F2026-05-05_CONFIRM_ALZHEIMERS_DISEASE_MODIFICATION.md,My_Data,2026-05-05_CONFIRM_ALZHEIMERS_DISEASE_MODIFICATION.md,,"[""signal"",""sector-scan"",""confirm"",""alzheimers-disease-modification""]",,My_Data,Signal
mydata:signal:2026-05-05-confirm-psychedelic-mental-health-revolution,2026-06-01,2026-05-05_CONFIRM_PSYCHEDELIC_MENTAL_HEALTH_REVOLUTION,,2026-05-05,,Signals,2026-05-05_CONFIRM_PSYCHEDELIC_MENTAL_HEALTH_REVOLUTION,2026-05-05_CONFIRM_PSYCHEDELIC_MENTAL_HEALTH_REVOLUTION,signal,obsidian://open?vault=My_Data&file=06_Signals%2F2026-05-05_CONFIRM_PSYCHEDELIC_MENTAL_HEALTH_REVOLUTION.md,06_Signals/2026-05-05_CONFIRM_PSYCHEDELIC_MENTAL_HEALTH_REVOLUTION.md,Healthcare Sector Basket,,,06_Signals,C:\Users\CaveUser\Documents\Obsidian Vault\My_Data\06_Signals\2026-05-05_CONFIRM_PSYCHEDELIC_MENTAL_HEALTH_REVOLUTION.md,My_Data,06_Signals,C:\Users\CaveUser\Documents\Obsidian Vault\My_Data\06_Signals\2026-05-05_CONFIRM_PSYCHEDELIC_MENTAL_HEALTH_REVOLUTION.md,06_Signals/2026-05-05_CONFIRM_PSYCHEDELIC_MENTAL_HEALTH_REVOLUTION.md,obsidian://open?vault=My_Data&file=06_Signals%2F2026-05-05_CONFIRM_PSYCHEDELIC_MENTAL_HEALTH_REVOLUTION.md,My_Data,2026-05-05_CONFIRM_PSYCHEDELIC_MENTAL_HEALTH_REVOLUTION.md,,"[""signal"",""sector-scan"",""confirm"",""psychedelic-mental-health-revolution""]",,My_Data,Signal
mydata:signal:2026-05-05-fema-spike,2026-06-01,2026-05-05_FEMA_SPIKE,,2026-05-05,,Signals,2026-05-05_FEMA_SPIKE,2026-05-05_FEMA_SPIKE,signal,obsidian://open?vault=My_Data&file=06_Signals%2F2026-05-05_FEMA_SPIKE.md,06_Signals/2026-05-05_FEMA_SPIKE.md,,,,06_Signals,C:\Users\CaveUser\Documents\Obsidian Vault\My_Data\06_Signals\2026-05-05_FEMA_SPIKE.md,My_Data,06_Signals,C:\Users\CaveUser\Documents\Obsidian Vault\My_Data\06_Signals\2026-05-05_FEMA_SPIKE.md,06_Signals/2026-05-05_FEMA_SPIKE.md,obsidian://open?vault=My_Data&file=06_Signals%2F2026-05-05_FEMA_SPIKE.md,My_Data,2026-05-05_FEMA_SPIKE.md,,"[""signal"",""fema""]",,My_Data,Signal
mydata:signal:2026-05-06-fema-spike,2026-06-01,2026-05-06_FEMA_SPIKE,,2026-05-06,,Signals,2026-05-06_FEMA_SPIKE,2026-05-06_FEMA_SPIKE,signal,obsidian://open?vault=My_Data&file=06_Signals%2F2026-05-06_FEMA_SPIKE.md,06_Signals/2026-05-06_FEMA_SPIKE.md,,,,06_Signals,C:\Users\CaveUser\Documents\Obsidian Vault\My_Data\06_Signals\2026-05-06_FEMA_SPIKE.md,My_Data,06_Signals,C:\Users\CaveUser\Documents\Obsidian Vault\My_Data\06_Signals\2026-05-06_FEMA_SPIKE.md,06_Signals/2026-05-06_FEMA_SPIKE.md,obsidian://open?vault=My_Data&file=06_Signals%2F2026-05-06_FEMA_SPIKE.md,My_Data,2026-05-06_FEMA_SPIKE.md,,"[""signal"",""fema""]",,My_Data,Signal
mydata:signal:2026-05-07-confirm-alzheimers-disease-modification,2026-06-01,2026-05-07_CONFIRM_ALZHEIMERS_DISEASE_MODIFICATION,,2026-05-07,,Signals,2026-05-07_CONFIRM_ALZHEIMERS_DISEASE_MODIFICATION,2026-05-07_CONFIRM_ALZHEIMERS_DISEASE_MODIFICATION,signal,obsidian://open?vault=My_Data&file=06_Signals%2F2026-05-07_CONFIRM_ALZHEIMERS_DISEASE_MODIFICATION.md,06_Signals/2026-05-07_CONFIRM_ALZHEIMERS_DISEASE_MODIFICATION.md,Healthcare Sector Basket,,,06_Signals,C:\Users\CaveUser\Documents\Obsidian Vault\My_Data\06_Signals\2026-05-07_CONFIRM_ALZHEIMERS_DISEASE_MODIFICATION.md,My_Data,06_Signals,C:\Users\CaveUser\Documents\Obsidian Vault\My_Data\06_Signals\2026-05-07_CONFIRM_ALZHEIMERS_DISEASE_MODIFICATION.md,06_Signals/2026-05-07_CONFIRM_ALZHEIMERS_DISEASE_MODIFICATION.md,obsidian://open?vault=My_Data&file=06_Signals%2F2026-05-07_CONFIRM_ALZHEIMERS_DISEASE_MODIFICATION.md,My_Data,2026-05-07_CONFIRM_ALZHEIMERS_DISEASE_MODIFICATION.md,,"[""signal"",""sector-scan"",""confirm"",""alzheimers-disease-modification""]",,My_Data,Signal
mydata:signal:2026-05-07-confirm-psychedelic-mental-health-revolution,2026-06-01,2026-05-07_CONFIRM_PSYCHEDELIC_MENTAL_HEALTH_REVOLUTION,,2026-05-07,,Signals,2026-05-07_CONFIRM_PSYCHEDELIC_MENTAL_HEALTH_REVOLUTION,2026-05-07_CONFIRM_PSYCHEDELIC_MENTAL_HEALTH_REVOLUTION,signal,obsidian://open?vault=My_Data&file=06_Signals%2F2026-05-07_CONFIRM_PSYCHEDELIC_MENTAL_HEALTH_REVOLUTION.md,06_Signals/2026-05-07_CONFIRM_PSYCHEDELIC_MENTAL_HEALTH_REVOLUTION.md,Healthcare Sector Basket,,,06_Signals,C:\Users\CaveUser\Documents\Obsidian Vault\My_Data\06_Signals\2026-05-07_CONFIRM_PSYCHEDELIC_MENTAL_HEALTH_REVOLUTION.md,My_Data,06_Signals,C:\Users\CaveUser\Documents\Obsidian Vault\My_Data\06_Signals\2026-05-07_CONFIRM_PSYCHEDELIC_MENTAL_HEALTH_REVOLUTION.md,06_Signals/2026-05-07_CONFIRM_PSYCHEDELIC_MENTAL_HEALTH_REVOLUTION.md,obsidian://open?vault=My_Data&file=06_Signals%2F2026-05-07_CONFIRM_PSYCHEDELIC_MENTAL_HEALTH_REVOLUTION.md,My_Data,2026-05-07_CONFIRM_PSYCHEDELIC_MENTAL_HEALTH_REVOLUTION.md,,"[""signal"",""sector-scan"",""confirm"",""psychedelic-mental-health-revolution""]",,My_Data,Signal
mydata:signal:2026-05-07-reverse-repo-depleted,2026-06-01,2026-05-07_REVERSE_REPO_DEPLETED,,2026-05-07,,Signals,2026-05-07_REVERSE_REPO_DEPLETED,2026-05-07_REVERSE_REPO_DEPLETED,signal,obsidian://open?vault=My_Data&file=06_Signals%2F2026-05-07_REVERSE_REPO_DEPLETED.md,06_Signals/2026-05-07_REVERSE_REPO_DEPLETED.md,,,,06_Signals,C:\Users\CaveUser\Documents\Obsidian Vault\My_Data\06_Signals\2026-05-07_REVERSE_REPO_DEPLETED.md,My_Data,06_Signals,C:\Users\CaveUser\Documents\Obsidian Vault\My_Data\06_Signals\2026-05-07_REVERSE_REPO_DEPLETED.md,06_Signals/2026-05-07_REVERSE_REPO_DEPLETED.md,obsidian://open?vault=My_Data&file=06_Signals%2F2026-05-07_REVERSE_REPO_DEPLETED.md,My_Data,2026-05-07_REVERSE_REPO_DEPLETED.md,,"[""signal"",""macro"",""alert""]",,My_Data,Signal
mydata:signal:2026-05-08-reverse-repo-depleted,2026-06-01,2026-05-08_REVERSE_REPO_DEPLETED,,2026-05-08,,Signals,2026-05-08_REVERSE_REPO_DEPLETED,2026-05-08_REVERSE_REPO_DEPLETED,signal,obsidian://open?vault=My_Data&file=06_Signals%2F2026-05-08_REVERSE_REPO_DEPLETED.md,06_Signals/2026-05-08_REVERSE_REPO_DEPLETED.md,,,,06_Signals,C:\Users\CaveUser\Documents\Obsidian Vault\My_Data\06_Signals\2026-05-08_REVERSE_REPO_DEPLETED.md,My_Data,06_Signals,C:\Users\CaveUser\Documents\Obsidian Vault\My_Data\06_Signals\2026-05-08_REVERSE_REPO_DEPLETED.md,06_Signals/2026-05-08_REVERSE_REPO_DEPLETED.md,obsidian://open?vault=My_Data&file=06_Signals%2F2026-05-08_REVERSE_REPO_DEPLETED.md,My_Data,2026-05-08_REVERSE_REPO_DEPLETED.md,,"[""signal"",""macro"",""alert""]",,My_Data,Signal
mydata:signal:2026-05-09-fema-spike,2026-06-01,2026-05-09_FEMA_SPIKE,,2026-05-09,,Signals,2026-05-09_FEMA_SPIKE,2026-05-09_FEMA_SPIKE,signal,obsidian://open?vault=My_Data&file=06_Signals%2F2026-05-09_FEMA_SPIKE.md,06_Signals/2026-05-09_FEMA_SPIKE.md,,,,06_Signals,C:\Users\CaveUser\Documents\Obsidian Vault\My_Data\06_Signals\2026-05-09_FEMA_SPIKE.md,My_Data,06_Signals,C:\Users\CaveUser\Documents\Obsidian Vault\My_Data\06_Signals\2026-05-09_FEMA_SPIKE.md,06_Signals/2026-05-09_FEMA_SPIKE.md,obsidian://open?vault=My_Data&file=06_Signals%2F2026-05-09_FEMA_SPIKE.md,My_Data,2026-05-09_FEMA_SPIKE.md,,"[""signal"",""fema""]",,My_Data,Signal
mydata:signal:2026-05-11-reverse-repo-depleted,2026-06-01,2026-05-11_REVERSE_REPO_DEPLETED,,2026-05-11,,Signals,2026-05-11_REVERSE_REPO_DEPLETED,2026-05-11_REVERSE_REPO_DEPLETED,signal,obsidian://open?vault=My_Data&file=06_Signals%2F2026-05-11_REVERSE_REPO_DEPLETED.md,06_Signals/2026-05-11_REVERSE_REPO_DEPLETED.md,,,,06_Signals,C:\Users\CaveUser\Documents\Obsidian Vault\My_Data\06_Signals\2026-05-11_REVERSE_REPO_DEPLETED.md,My_Data,06_Signals,C:\Users\CaveUser\Documents\Obsidian Vault\My_Data\06_Signals\2026-05-11_REVERSE_REPO_DEPLETED.md,06_Signals/2026-05-11_REVERSE_REPO_DEPLETED.md,obsidian://open?vault=My_Data&file=06_Signals%2F2026-05-11_REVERSE_REPO_DEPLETED.md,My_Data,2026-05-11_REVERSE_REPO_DEPLETED.md,,"[""signal"",""macro"",""alert""]",,My_Data,Signal
mydata:signal:2026-05-12-confirm-capital-raise-survivors-small-cap-inflection-basket,2026-06-01,2026-05-12_CONFIRM_CAPITAL_RAISE_SURVIVORS_SMALL_CAP_INFLECTION_BASKET,,2026-05-12,,Signals,2026-05-12_CONFIRM_CAPITAL_RAISE_SURVIVORS_SMALL_CAP_INFLECTION_BASKET,2026-05-12_CONFIRM_CAPITAL_RAISE_SURVIVORS_SMALL_CAP_INFLECTION_BASKET,signal,obsidian://open?vault=My_Data&file=06_Signals%2F2026-05-12_CONFIRM_CAPITAL_RAISE_SURVIVORS_SMALL_CAP_INFLECTION_BASKET.md,06_Signals/2026-05-12_CONFIRM_CAPITAL_RAISE_SURVIVORS_SMALL_CAP_INFLECTION_BASKET.md,Healthcare Sector Basket,,,06_Signals,C:\Users\CaveUser\Documents\Obsidian Vault\My_Data\06_Signals\2026-05-12_CONFIRM_CAPITAL_RAISE_SURVIVORS_SMALL_CAP_INFLECTION_BASKET.md,My_Data,06_Signals,C:\Users\CaveUser\Documents\Obsidian Vault\My_Data\06_Signals\2026-05-12_CONFIRM_CAPITAL_RAISE_SURVIVORS_SMALL_CAP_INFLECTION_BASKET.md,06_Signals/2026-05-12_CONFIRM_CAPITAL_RAISE_SURVIVORS_SMALL_CAP_INFLECTION_BASKET.md,obsidian://open?vault=My_Data&file=06_Signals%2F2026-05-12_CONFIRM_CAPITAL_RAISE_SURVIVORS_SMALL_CAP_INFLECTION_BASKET.md,My_Data,2026-05-12_CONFIRM_CAPITAL_RAISE_SURVIVORS_SMALL_CAP_INFLECTION_BASKET.md,,"[""signal"",""sector-scan"",""confirm"",""capital-raise-survivors-small-cap-inflection-basket""]",,My_Data,Signal
mydata:signal:2026-05-12-reverse-repo-depleted,2026-06-01,2026-05-12_REVERSE_REPO_DEPLETED,,2026-05-12,,Signals,2026-05-12_REVERSE_REPO_DEPLETED,2026-05-12_REVERSE_REPO_DEPLETED,signal,obsidian://open?vault=My_Data&file=06_Signals%2F2026-05-12_REVERSE_REPO_DEPLETED.md,06_Signals/2026-05-12_REVERSE_REPO_DEPLETED.md,,,,06_Signals,C:\Users\CaveUser\Documents\Obsidian Vault\My_Data\06_Signals\2026-05-12_REVERSE_REPO_DEPLETED.md,My_Data,06_Signals,C:\Users\CaveUser\Documents\Obsidian Vault\My_Data\06_Signals\2026-05-12_REVERSE_REPO_DEPLETED.md,06_Signals/2026-05-12_REVERSE_REPO_DEPLETED.md,obsidian://open?vault=My_Data&file=06_Signals%2F2026-05-12_REVERSE_REPO_DEPLETED.md,My_Data,2026-05-12_REVERSE_REPO_DEPLETED.md,,"[""signal"",""macro"",""alert""]",,My_Data,Signal
mydata:signal:2026-05-12-yield-curve-flattening,2026-06-01,2026-05-12_YIELD_CURVE_FLATTENING,,2026-05-12,,Signals,2026-05-12_YIELD_CURVE_FLATTENING,2026-05-12_YIELD_CURVE_FLATTENING,signal,obsidian://open?vault=My_Data&file=06_Signals%2F2026-05-12_YIELD_CURVE_FLATTENING.md,06_Signals/2026-05-12_YIELD_CURVE_FLATTENING.md,,,,06_Signals,C:\Users\CaveUser\Documents\Obsidian Vault\My_Data\06_Signals\2026-05-12_YIELD_CURVE_FLATTENING.md,My_Data,06_Signals,C:\Users\CaveUser\Documents\Obsidian Vault\My_Data\06_Signals\2026-05-12_YIELD_CURVE_FLATTENING.md,06_Signals/2026-05-12_YIELD_CURVE_FLATTENING.md,obsidian://open?vault=My_Data&file=06_Signals%2F2026-05-12_YIELD_CURVE_FLATTENING.md,My_Data,2026-05-12_YIELD_CURVE_FLATTENING.md,,"[""signal"",""macro"",""watch""]",,My_Data,Signal
mydata:signal:2026-05-13-confirm-humanoid-robotics,2026-06-01,2026-05-13_CONFIRM_HUMANOID_ROBOTICS,,2026-05-13,,Signals,2026-05-13_CONFIRM_HUMANOID_ROBOTICS,2026-05-13_CONFIRM_HUMANOID_ROBOTICS,signal,obsidian://open?vault=My_Data&file=06_Signals%2F2026-05-13_CONFIRM_HUMANOID_ROBOTICS.md,06_Signals/2026-05-13_CONFIRM_HUMANOID_ROBOTICS.md,Consumer Staples Sector Basket,,,06_Signals,C:\Users\CaveUser\Documents\Obsidian Vault\My_Data\06_Signals\2026-05-13_CONFIRM_HUMANOID_ROBOTICS.md,My_Data,06_Signals,C:\Users\CaveUser\Documents\Obsidian Vault\My_Data\06_Signals\2026-05-13_CONFIRM_HUMANOID_ROBOTICS.md,06_Signals/2026-05-13_CONFIRM_HUMANOID_ROBOTICS.md,obsidian://open?vault=My_Data&file=06_Signals%2F2026-05-13_CONFIRM_HUMANOID_ROBOTICS.md,My_Data,2026-05-13_CONFIRM_HUMANOID_ROBOTICS.md,,"[""signal"",""sector-scan"",""confirm"",""humanoid-robotics""]",,My_Data,Signal
mydata:signal:2026-05-13-confirm-quantum-computing,2026-06-01,2026-05-13_CONFIRM_QUANTUM_COMPUTING,,2026-05-13,,Signals,2026-05-13_CONFIRM_QUANTUM_COMPUTING,2026-05-13_CONFIRM_QUANTUM_COMPUTING,signal,obsidian://open?vault=My_Data&file=06_Signals%2F2026-05-13_CONFIRM_QUANTUM_COMPUTING.md,06_Signals/2026-05-13_CONFIRM_QUANTUM_COMPUTING.md,Tech Sector Basket,,,06_Signals,C:\Users\CaveUser\Documents\Obsidian Vault\My_Data\06_Signals\2026-05-13_CONFIRM_QUANTUM_COMPUTING.md,My_Data,06_Signals,C:\Users\CaveUser\Documents\Obsidian Vault\My_Data\06_Signals\2026-05-13_CONFIRM_QUANTUM_COMPUTING.md,06_Signals/2026-05-13_CONFIRM_QUANTUM_COMPUTING.md,obsidian://open?vault=My_Data&file=06_Signals%2F2026-05-13_CONFIRM_QUANTUM_COMPUTING.md,My_Data,2026-05-13_CONFIRM_QUANTUM_COMPUTING.md,,"[""signal"",""sector-scan"",""confirm"",""quantum-computing""]",,My_Data,Signal
mydata:signal:2026-05-13-reverse-repo-depleted,2026-06-01,2026-05-13_REVERSE_REPO_DEPLETED,,2026-05-13,,Signals,2026-05-13_REVERSE_REPO_DEPLETED,2026-05-13_REVERSE_REPO_DEPLETED,signal,obsidian://open?vault=My_Data&file=06_Signals%2F2026-05-13_REVERSE_REPO_DEPLETED.md,06_Signals/2026-05-13_REVERSE_REPO_DEPLETED.md,,,,06_Signals,C:\Users\CaveUser\Documents\Obsidian Vault\My_Data\06_Signals\2026-05-13_REVERSE_REPO_DEPLETED.md,My_Data,06_Signals,C:\Users\CaveUser\Documents\Obsidian Vault\My_Data\06_Signals\2026-05-13_REVERSE_REPO_DEPLETED.md,06_Signals/2026-05-13_REVERSE_REPO_DEPLETED.md,obsidian://open?vault=My_Data&file=06_Signals%2F2026-05-13_REVERSE_REPO_DEPLETED.md,My_Data,2026-05-13_REVERSE_REPO_DEPLETED.md,,"[""signal"",""macro"",""alert""]",,My_Data,Signal
mydata:signal:2026-05-13-yield-curve-flattening,2026-06-01,2026-05-13_YIELD_CURVE_FLATTENING,,2026-05-13,,Signals,2026-05-13_YIELD_CURVE_FLATTENING,2026-05-13_YIELD_CURVE_FLATTENING,signal,obsidian://open?vault=My_Data&file=06_Signals%2F2026-05-13_YIELD_CURVE_FLATTENING.md,06_Signals/2026-05-13_YIELD_CURVE_FLATTENING.md,,,,06_Signals,C:\Users\CaveUser\Documents\Obsidian Vault\My_Data\06_Signals\2026-05-13_YIELD_CURVE_FLATTENING.md,My_Data,06_Signals,C:\Users\CaveUser\Documents\Obsidian Vault\My_Data\06_Signals\2026-05-13_YIELD_CURVE_FLATTENING.md,06_Signals/2026-05-13_YIELD_CURVE_FLATTENING.md,obsidian://open?vault=My_Data&file=06_Signals%2F2026-05-13_YIELD_CURVE_FLATTENING.md,My_Data,2026-05-13_YIELD_CURVE_FLATTENING.md,,"[""signal"",""macro"",""watch""]",,My_Data,Signal
mydata:signal:2026-05-14-confirm-antimicrobial-resistance-pipeline,2026-06-01,2026-05-14_CONFIRM_ANTIMICROBIAL_RESISTANCE_PIPELINE,,2026-05-14,,Signals,2026-05-14_CONFIRM_ANTIMICROBIAL_RESISTANCE_PIPELINE,2026-05-14_CONFIRM_ANTIMICROBIAL_RESISTANCE_PIPELINE,signal,obsidian://open?vault=My_Data&file=06_Signals%2F2026-05-14_CONFIRM_ANTIMICROBIAL_RESISTANCE_PIPELINE.md,06_Signals/2026-05-14_CONFIRM_ANTIMICROBIAL_RESISTANCE_PIPELINE.md,Healthcare Sector Basket,,,06_Signals,C:\Users\CaveUser\Documents\Obsidian Vault\My_Data\06_Signals\2026-05-14_CONFIRM_ANTIMICROBIAL_RESISTANCE_PIPELINE.md,My_Data,06_Signals,C:\Users\CaveUser\Documents\Obsidian Vault\My_Data\06_Signals\2026-05-14_CONFIRM_ANTIMICROBIAL_RESISTANCE_PIPELINE.md,06_Signals/2026-05-14_CONFIRM_ANTIMICROBIAL_RESISTANCE_PIPELINE.md,obsidian://open?vault=My_Data&file=06_Signals%2F2026-05-14_CONFIRM_ANTIMICROBIAL_RESISTANCE_PIPELINE.md,My_Data,2026-05-14_CONFIRM_ANTIMICROBIAL_RESISTANCE_PIPELINE.md,,"[""signal"",""sector-scan"",""confirm"",""antimicrobial-resistance-pipeline""]",,My_Data,Signal
mydata:signal:2026-05-14-confirm-quantum-computing,2026-06-01,2026-05-14_CONFIRM_QUANTUM_COMPUTING,,2026-05-14,,Signals,2026-05-14_CONFIRM_QUANTUM_COMPUTING,2026-05-14_CONFIRM_QUANTUM_COMPUTING,signal,obsidian://open?vault=My_Data&file=06_Signals%2F2026-05-14_CONFIRM_QUANTUM_COMPUTING.md,06_Signals/2026-05-14_CONFIRM_QUANTUM_COMPUTING.md,Tech Sector Basket,,,06_Signals,C:\Users\CaveUser\Documents\Obsidian Vault\My_Data\06_Signals\2026-05-14_CONFIRM_QUANTUM_COMPUTING.md,My_Data,06_Signals,C:\Users\CaveUser\Documents\Obsidian Vault\My_Data\06_Signals\2026-05-14_CONFIRM_QUANTUM_COMPUTING.md,06_Signals/2026-05-14_CONFIRM_QUANTUM_COMPUTING.md,obsidian://open?vault=My_Data&file=06_Signals%2F2026-05-14_CONFIRM_QUANTUM_COMPUTING.md,My_Data,2026-05-14_CONFIRM_QUANTUM_COMPUTING.md,,"[""signal"",""sector-scan"",""confirm"",""quantum-computing""]",,My_Data,Signal
mydata:signal:2026-05-14-reverse-repo-depleted,2026-06-01,2026-05-14_REVERSE_REPO_DEPLETED,,2026-05-14,,Signals,2026-05-14_REVERSE_REPO_DEPLETED,2026-05-14_REVERSE_REPO_DEPLETED,signal,obsidian://open?vault=My_Data&file=06_Signals%2F2026-05-14_REVERSE_REPO_DEPLETED.md,06_Signals/2026-05-14_REVERSE_REPO_DEPLETED.md,,,,06_Signals,C:\Users\CaveUser\Documents\Obsidian Vault\My_Data\06_Signals\2026-05-14_REVERSE_REPO_DEPLETED.md,My_Data,06_Signals,C:\Users\CaveUser\Documents\Obsidian Vault\My_Data\06_Signals\2026-05-14_REVERSE_REPO_DEPLETED.md,06_Signals/2026-05-14_REVERSE_REPO_DEPLETED.md,obsidian://open?vault=My_Data&file=06_Signals%2F2026-05-14_REVERSE_REPO_DEPLETED.md,My_Data,2026-05-14_REVERSE_REPO_DEPLETED.md,,"[""signal"",""macro"",""alert""]",,My_Data,Signal
mydata:signal:2026-05-14-yield-curve-flattening,2026-06-01,2026-05-14_YIELD_CURVE_FLATTENING,,2026-05-14,,Signals,2026-05-14_YIELD_CURVE_FLATTENING,2026-05-14_YIELD_CURVE_FLATTENING,signal,obsidian://open?vault=My_Data&file=06_Signals%2F2026-05-14_YIELD_CURVE_FLATTENING.md,06_Signals/2026-05-14_YIELD_CURVE_FLATTENING.md,,,,06_Signals,C:\Users\CaveUser\Documents\Obsidian Vault\My_Data\06_Signals\2026-05-14_YIELD_CURVE_FLATTENING.md,My_Data,06_Signals,C:\Users\CaveUser\Documents\Obsidian Vault\My_Data\06_Signals\2026-05-14_YIELD_CURVE_FLATTENING.md,06_Signals/2026-05-14_YIELD_CURVE_FLATTENING.md,obsidian://open?vault=My_Data&file=06_Signals%2F2026-05-14_YIELD_CURVE_FLATTENING.md,My_Data,2026-05-14_YIELD_CURVE_FLATTENING.md,,"[""signal"",""macro"",""watch""]",,My_Data,Signal
mydata:signal:2026-05-15-confirm-antimicrobial-resistance-pipeline,2026-06-01,2026-05-15_CONFIRM_ANTIMICROBIAL_RESISTANCE_PIPELINE,,2026-05-15,,Signals,2026-05-15_CONFIRM_ANTIMICROBIAL_RESISTANCE_PIPELINE,2026-05-15_CONFIRM_ANTIMICROBIAL_RESISTANCE_PIPELINE,signal,obsidian://open?vault=My_Data&file=06_Signals%2F2026-05-15_CONFIRM_ANTIMICROBIAL_RESISTANCE_PIPELINE.md,06_Signals/2026-05-15_CONFIRM_ANTIMICROBIAL_RESISTANCE_PIPELINE.md,Healthcare Sector Basket,,,06_Signals,C:\Users\CaveUser\Documents\Obsidian Vault\My_Data\06_Signals\2026-05-15_CONFIRM_ANTIMICROBIAL_RESISTANCE_PIPELINE.md,My_Data,06_Signals,C:\Users\CaveUser\Documents\Obsidian Vault\My_Data\06_Signals\2026-05-15_CONFIRM_ANTIMICROBIAL_RESISTANCE_PIPELINE.md,06_Signals/2026-05-15_CONFIRM_ANTIMICROBIAL_RESISTANCE_PIPELINE.md,obsidian://open?vault=My_Data&file=06_Signals%2F2026-05-15_CONFIRM_ANTIMICROBIAL_RESISTANCE_PIPELINE.md,My_Data,2026-05-15_CONFIRM_ANTIMICROBIAL_RESISTANCE_PIPELINE.md,,"[""signal"",""sector-scan"",""confirm"",""antimicrobial-resistance-pipeline""]",,My_Data,Signal
mydata:signal:2026-05-15-confirm-psychedelic-mental-health-revolution,2026-06-01,2026-05-15_CONFIRM_PSYCHEDELIC_MENTAL_HEALTH_REVOLUTION,,2026-05-15,,Signals,2026-05-15_CONFIRM_PSYCHEDELIC_MENTAL_HEALTH_REVOLUTION,2026-05-15_CONFIRM_PSYCHEDELIC_MENTAL_HEALTH_REVOLUTION,signal,obsidian://open?vault=My_Data&file=06_Signals%2F2026-05-15_CONFIRM_PSYCHEDELIC_MENTAL_HEALTH_REVOLUTION.md,06_Signals/2026-05-15_CONFIRM_PSYCHEDELIC_MENTAL_HEALTH_REVOLUTION.md,Healthcare Sector Basket,,,06_Signals,C:\Users\CaveUser\Documents\Obsidian Vault\My_Data\06_Signals\2026-05-15_CONFIRM_PSYCHEDELIC_MENTAL_HEALTH_REVOLUTION.md,My_Data,06_Signals,C:\Users\CaveUser\Documents\Obsidian Vault\My_Data\06_Signals\2026-05-15_CONFIRM_PSYCHEDELIC_MENTAL_HEALTH_REVOLUTION.md,06_Signals/2026-05-15_CONFIRM_PSYCHEDELIC_MENTAL_HEALTH_REVOLUTION.md,obsidian://open?vault=My_Data&file=06_Signals%2F2026-05-15_CONFIRM_PSYCHEDELIC_MENTAL_HEALTH_REVOLUTION.md,My_Data,2026-05-15_CONFIRM_PSYCHEDELIC_MENTAL_HEALTH_REVOLUTION.md,,"[""signal"",""sector-scan"",""confirm"",""psychedelic-mental-health-revolution""]",,My_Data,Signal
mydata:signal:2026-05-15-reverse-repo-depleted,2026-06-01,2026-05-15_REVERSE_REPO_DEPLETED,,2026-05-15,,Signals,2026-05-15_REVERSE_REPO_DEPLETED,2026-05-15_REVERSE_REPO_DEPLETED,signal,obsidian://open?vault=My_Data&file=06_Signals%2F2026-05-15_REVERSE_REPO_DEPLETED.md,06_Signals/2026-05-15_REVERSE_REPO_DEPLETED.md,,,,06_Signals,C:\Users\CaveUser\Documents\Obsidian Vault\My_Data\06_Signals\2026-05-15_REVERSE_REPO_DEPLETED.md,My_Data,06_Signals,C:\Users\CaveUser\Documents\Obsidian Vault\My_Data\06_Signals\2026-05-15_REVERSE_REPO_DEPLETED.md,06_Signals/2026-05-15_REVERSE_REPO_DEPLETED.md,obsidian://open?vault=My_Data&file=06_Signals%2F2026-05-15_REVERSE_REPO_DEPLETED.md,My_Data,2026-05-15_REVERSE_REPO_DEPLETED.md,,"[""signal"",""macro"",""alert""]",,My_Data,Signal
mydata:signal:2026-05-15-yield-curve-flattening,2026-06-01,2026-05-15_YIELD_CURVE_FLATTENING,,2026-05-15,,Signals,2026-05-15_YIELD_CURVE_FLATTENING,2026-05-15_YIELD_CURVE_FLATTENING,signal,obsidian://open?vault=My_Data&file=06_Signals%2F2026-05-15_YIELD_CURVE_FLATTENING.md,06_Signals/2026-05-15_YIELD_CURVE_FLATTENING.md,,,,06_Signals,C:\Users\CaveUser\Documents\Obsidian Vault\My_Data\06_Signals\2026-05-15_YIELD_CURVE_FLATTENING.md,My_Data,06_Signals,C:\Users\CaveUser\Documents\Obsidian Vault\My_Data\06_Signals\2026-05-15_YIELD_CURVE_FLATTENING.md,06_Signals/2026-05-15_YIELD_CURVE_FLATTENING.md,obsidian://open?vault=My_Data&file=06_Signals%2F2026-05-15_YIELD_CURVE_FLATTENING.md,My_Data,2026-05-15_YIELD_CURVE_FLATTENING.md,,"[""signal"",""macro"",""watch""]",,My_Data,Signal
mydata:signal:2026-05-16-confirm-antimicrobial-resistance-pipeline,2026-06-01,2026-05-16_CONFIRM_ANTIMICROBIAL_RESISTANCE_PIPELINE,,2026-05-16,,Signals,2026-05-16_CONFIRM_ANTIMICROBIAL_RESISTANCE_PIPELINE,2026-05-16_CONFIRM_ANTIMICROBIAL_RESISTANCE_PIPELINE,signal,obsidian://open?vault=My_Data&file=06_Signals%2F2026-05-16_CONFIRM_ANTIMICROBIAL_RESISTANCE_PIPELINE.md,06_Signals/2026-05-16_CONFIRM_ANTIMICROBIAL_RESISTANCE_PIPELINE.md,Healthcare Sector Basket,,,06_Signals,C:\Users\CaveUser\Documents\Obsidian Vault\My_Data\06_Signals\2026-05-16_CONFIRM_ANTIMICROBIAL_RESISTANCE_PIPELINE.md,My_Data,06_Signals,C:\Users\CaveUser\Documents\Obsidian Vault\My_Data\06_Signals\2026-05-16_CONFIRM_ANTIMICROBIAL_RESISTANCE_PIPELINE.md,06_Signals/2026-05-16_CONFIRM_ANTIMICROBIAL_RESISTANCE_PIPELINE.md,obsidian://open?vault=My_Data&file=06_Signals%2F2026-05-16_CONFIRM_ANTIMICROBIAL_RESISTANCE_PIPELINE.md,My_Data,2026-05-16_CONFIRM_ANTIMICROBIAL_RESISTANCE_PIPELINE.md,,"[""signal"",""sector-scan"",""confirm"",""antimicrobial-resistance-pipeline""]",,My_Data,Signal
mydata:signal:2026-05-16-fema-spike,2026-06-01,2026-05-16_FEMA_SPIKE,,2026-05-16,,Signals,2026-05-16_FEMA_SPIKE,2026-05-16_FEMA_SPIKE,signal,obsidian://open?vault=My_Data&file=06_Signals%2F2026-05-16_FEMA_SPIKE.md,06_Signals/2026-05-16_FEMA_SPIKE.md,,,,06_Signals,C:\Users\CaveUser\Documents\Obsidian Vault\My_Data\06_Signals\2026-05-16_FEMA_SPIKE.md,My_Data,06_Signals,C:\Users\CaveUser\Documents\Obsidian Vault\My_Data\06_Signals\2026-05-16_FEMA_SPIKE.md,06_Signals/2026-05-16_FEMA_SPIKE.md,obsidian://open?vault=My_Data&file=06_Signals%2F2026-05-16_FEMA_SPIKE.md,My_Data,2026-05-16_FEMA_SPIKE.md,,"[""signal"",""fema""]",,My_Data,Signal
mydata:signal:2026-05-16-reverse-repo-depleted,2026-06-01,2026-05-16_REVERSE_REPO_DEPLETED,,2026-05-16,,Signals,2026-05-16_REVERSE_REPO_DEPLETED,2026-05-16_REVERSE_REPO_DEPLETED,signal,obsidian://open?vault=My_Data&file=06_Signals%2F2026-05-16_REVERSE_REPO_DEPLETED.md,06_Signals/2026-05-16_REVERSE_REPO_DEPLETED.md,,,,06_Signals,C:\Users\CaveUser\Documents\Obsidian Vault\My_Data\06_Signals\2026-05-16_REVERSE_REPO_DEPLETED.md,My_Data,06_Signals,C:\Users\CaveUser\Documents\Obsidian Vault\My_Data\06_Signals\2026-05-16_REVERSE_REPO_DEPLETED.md,06_Signals/2026-05-16_REVERSE_REPO_DEPLETED.md,obsidian://open?vault=My_Data&file=06_Signals%2F2026-05-16_REVERSE_REPO_DEPLETED.md,My_Data,2026-05-16_REVERSE_REPO_DEPLETED.md,,"[""signal"",""macro"",""alert""]",,My_Data,Signal
mydata:signal:2026-05-16-yield-curve-flattening,2026-06-01,2026-05-16_YIELD_CURVE_FLATTENING,,2026-05-16,,Signals,2026-05-16_YIELD_CURVE_FLATTENING,2026-05-16_YIELD_CURVE_FLATTENING,signal,obsidian://open?vault=My_Data&file=06_Signals%2F2026-05-16_YIELD_CURVE_FLATTENING.md,06_Signals/2026-05-16_YIELD_CURVE_FLATTENING.md,,,,06_Signals,C:\Users\CaveUser\Documents\Obsidian Vault\My_Data\06_Signals\2026-05-16_YIELD_CURVE_FLATTENING.md,My_Data,06_Signals,C:\Users\CaveUser\Documents\Obsidian Vault\My_Data\06_Signals\2026-05-16_YIELD_CURVE_FLATTENING.md,06_Signals/2026-05-16_YIELD_CURVE_FLATTENING.md,obsidian://open?vault=My_Data&file=06_Signals%2F2026-05-16_YIELD_CURVE_FLATTENING.md,My_Data,2026-05-16_YIELD_CURVE_FLATTENING.md,,"[""signal"",""macro"",""watch""]",,My_Data,Signal
mydata:signal:2026-05-24-confirm-dollar-debasement-hard-money,2026-06-01,2026-05-24_CONFIRM_DOLLAR_DEBASEMENT_HARD_MONEY,,2026-05-24,,Signals,2026-05-24_CONFIRM_DOLLAR_DEBASEMENT_HARD_MONEY,2026-05-24_CONFIRM_DOLLAR_DEBASEMENT_HARD_MONEY,signal,obsidian://open?vault=My_Data&file=06_Signals%2F2026-05-24_CONFIRM_DOLLAR_DEBASEMENT_HARD_MONEY.md,06_Signals/2026-05-24_CONFIRM_DOLLAR_DEBASEMENT_HARD_MONEY.md,Financials Sector Basket,,,06_Signals,C:\Users\CaveUser\Documents\Obsidian Vault\My_Data\06_Signals\2026-05-24_CONFIRM_DOLLAR_DEBASEMENT_HARD_MONEY.md,My_Data,06_Signals,C:\Users\CaveUser\Documents\Obsidian Vault\My_Data\06_Signals\2026-05-24_CONFIRM_DOLLAR_DEBASEMENT_HARD_MONEY.md,06_Signals/2026-05-24_CONFIRM_DOLLAR_DEBASEMENT_HARD_MONEY.md,obsidian://open?vault=My_Data&file=06_Signals%2F2026-05-24_CONFIRM_DOLLAR_DEBASEMENT_HARD_MONEY.md,My_Data,2026-05-24_CONFIRM_DOLLAR_DEBASEMENT_HARD_MONEY.md,,"[""signal"",""sector-scan"",""confirm"",""dollar-debasement-hard-money""]",,My_Data,Signal
mydata:signal:2026-05-24-confirm-psychedelic-mental-health-revolution,2026-06-01,2026-05-24_CONFIRM_PSYCHEDELIC_MENTAL_HEALTH_REVOLUTION,,2026-05-24,,Signals,2026-05-24_CONFIRM_PSYCHEDELIC_MENTAL_HEALTH_REVOLUTION,2026-05-24_CONFIRM_PSYCHEDELIC_MENTAL_HEALTH_REVOLUTION,signal,obsidian://open?vault=My_Data&file=06_Signals%2F2026-05-24_CONFIRM_PSYCHEDELIC_MENTAL_HEALTH_REVOLUTION.md,06_Signals/2026-05-24_CONFIRM_PSYCHEDELIC_MENTAL_HEALTH_REVOLUTION.md,Healthcare Sector Basket,,,06_Signals,C:\Users\CaveUser\Documents\Obsidian Vault\My_Data\06_Signals\2026-05-24_CONFIRM_PSYCHEDELIC_MENTAL_HEALTH_REVOLUTION.md,My_Data,06_Signals,C:\Users\CaveUser\Documents\Obsidian Vault\My_Data\06_Signals\2026-05-24_CONFIRM_PSYCHEDELIC_MENTAL_HEALTH_REVOLUTION.md,06_Signals/2026-05-24_CONFIRM_PSYCHEDELIC_MENTAL_HEALTH_REVOLUTION.md,obsidian://open?vault=My_Data&file=06_Signals%2F2026-05-24_CONFIRM_PSYCHEDELIC_MENTAL_HEALTH_REVOLUTION.md,My_Data,2026-05-24_CONFIRM_PSYCHEDELIC_MENTAL_HEALTH_REVOLUTION.md,,"[""signal"",""sector-scan"",""confirm"",""psychedelic-mental-health-revolution""]",,My_Data,Signal
mydata:signal:2026-05-24-reverse-repo-depleted,2026-06-01,2026-05-24_REVERSE_REPO_DEPLETED,,2026-05-24,,Signals,2026-05-24_REVERSE_REPO_DEPLETED,2026-05-24_REVERSE_REPO_DEPLETED,signal,obsidian://open?vault=My_Data&file=06_Signals%2F2026-05-24_REVERSE_REPO_DEPLETED.md,06_Signals/2026-05-24_REVERSE_REPO_DEPLETED.md,,,,06_Signals,C:\Users\CaveUser\Documents\Obsidian Vault\My_Data\06_Signals\2026-05-24_REVERSE_REPO_DEPLETED.md,My_Data,06_Signals,C:\Users\CaveUser\Documents\Obsidian Vault\My_Data\06_Signals\2026-05-24_REVERSE_REPO_DEPLETED.md,06_Signals/2026-05-24_REVERSE_REPO_DEPLETED.md,obsidian://open?vault=My_Data&file=06_Signals%2F2026-05-24_REVERSE_REPO_DEPLETED.md,My_Data,2026-05-24_REVERSE_REPO_DEPLETED.md,,"[""signal"",""macro"",""alert""]",,My_Data,Signal
mydata:signal:2026-05-24-yield-curve-flattening,2026-06-01,2026-05-24_YIELD_CURVE_FLATTENING,,2026-05-24,,Signals,2026-05-24_YIELD_CURVE_FLATTENING,2026-05-24_YIELD_CURVE_FLATTENING,signal,obsidian://open?vault=My_Data&file=06_Signals%2F2026-05-24_YIELD_CURVE_FLATTENING.md,06_Signals/2026-05-24_YIELD_CURVE_FLATTENING.md,,,,06_Signals,C:\Users\CaveUser\Documents\Obsidian Vault\My_Data\06_Signals\2026-05-24_YIELD_CURVE_FLATTENING.md,My_Data,06_Signals,C:\Users\CaveUser\Documents\Obsidian Vault\My_Data\06_Signals\2026-05-24_YIELD_CURVE_FLATTENING.md,06_Signals/2026-05-24_YIELD_CURVE_FLATTENING.md,obsidian://open?vault=My_Data&file=06_Signals%2F2026-05-24_YIELD_CURVE_FLATTENING.md,My_Data,2026-05-24_YIELD_CURVE_FLATTENING.md,,"[""signal"",""macro"",""watch""]",,My_Data,Signal
mydata:signal:2026-05-25-confirm-dollar-debasement-hard-money,2026-06-01,2026-05-25_CONFIRM_DOLLAR_DEBASEMENT_HARD_MONEY,,2026-05-25,,Signals,2026-05-25_CONFIRM_DOLLAR_DEBASEMENT_HARD_MONEY,2026-05-25_CONFIRM_DOLLAR_DEBASEMENT_HARD_MONEY,signal,obsidian://open?vault=My_Data&file=06_Signals%2F2026-05-25_CONFIRM_DOLLAR_DEBASEMENT_HARD_MONEY.md,06_Signals/2026-05-25_CONFIRM_DOLLAR_DEBASEMENT_HARD_MONEY.md,Financials Sector Basket,,,06_Signals,C:\Users\CaveUser\Documents\Obsidian Vault\My_Data\06_Signals\2026-05-25_CONFIRM_DOLLAR_DEBASEMENT_HARD_MONEY.md,My_Data,06_Signals,C:\Users\CaveUser\Documents\Obsidian Vault\My_Data\06_Signals\2026-05-25_CONFIRM_DOLLAR_DEBASEMENT_HARD_MONEY.md,06_Signals/2026-05-25_CONFIRM_DOLLAR_DEBASEMENT_HARD_MONEY.md,obsidian://open?vault=My_Data&file=06_Signals%2F2026-05-25_CONFIRM_DOLLAR_DEBASEMENT_HARD_MONEY.md,My_Data,2026-05-25_CONFIRM_DOLLAR_DEBASEMENT_HARD_MONEY.md,,"[""signal"",""sector-scan"",""confirm"",""dollar-debasement-hard-money""]",,My_Data,Signal
mydata:signal:2026-05-25-confirm-psychedelic-mental-health-revolution,2026-06-01,2026-05-25_CONFIRM_PSYCHEDELIC_MENTAL_HEALTH_REVOLUTION,,2026-05-25,,Signals,2026-05-25_CONFIRM_PSYCHEDELIC_MENTAL_HEALTH_REVOLUTION,2026-05-25_CONFIRM_PSYCHEDELIC_MENTAL_HEALTH_REVOLUTION,signal,obsidian://open?vault=My_Data&file=06_Signals%2F2026-05-25_CONFIRM_PSYCHEDELIC_MENTAL_HEALTH_REVOLUTION.md,06_Signals/2026-05-25_CONFIRM_PSYCHEDELIC_MENTAL_HEALTH_REVOLUTION.md,Healthcare Sector Basket,,,06_Signals,C:\Users\CaveUser\Documents\Obsidian Vault\My_Data\06_Signals\2026-05-25_CONFIRM_PSYCHEDELIC_MENTAL_HEALTH_REVOLUTION.md,My_Data,06_Signals,C:\Users\CaveUser\Documents\Obsidian Vault\My_Data\06_Signals\2026-05-25_CONFIRM_PSYCHEDELIC_MENTAL_HEALTH_REVOLUTION.md,06_Signals/2026-05-25_CONFIRM_PSYCHEDELIC_MENTAL_HEALTH_REVOLUTION.md,obsidian://open?vault=My_Data&file=06_Signals%2F2026-05-25_CONFIRM_PSYCHEDELIC_MENTAL_HEALTH_REVOLUTION.md,My_Data,2026-05-25_CONFIRM_PSYCHEDELIC_MENTAL_HEALTH_REVOLUTION.md,,"[""signal"",""sector-scan"",""confirm"",""psychedelic-mental-health-revolution""]",,My_Data,Signal
mydata:signal:2026-05-25-reverse-repo-depleted,2026-06-01,2026-05-25_REVERSE_REPO_DEPLETED,,2026-05-25,,Signals,2026-05-25_REVERSE_REPO_DEPLETED,2026-05-25_REVERSE_REPO_DEPLETED,signal,obsidian://open?vault=My_Data&file=06_Signals%2F2026-05-25_REVERSE_REPO_DEPLETED.md,06_Signals/2026-05-25_REVERSE_REPO_DEPLETED.md,,,,06_Signals,C:\Users\CaveUser\Documents\Obsidian Vault\My_Data\06_Signals\2026-05-25_REVERSE_REPO_DEPLETED.md,My_Data,06_Signals,C:\Users\CaveUser\Documents\Obsidian Vault\My_Data\06_Signals\2026-05-25_REVERSE_REPO_DEPLETED.md,06_Signals/2026-05-25_REVERSE_REPO_DEPLETED.md,obsidian://open?vault=My_Data&file=06_Signals%2F2026-05-25_REVERSE_REPO_DEPLETED.md,My_Data,2026-05-25_REVERSE_REPO_DEPLETED.md,,"[""signal"",""macro"",""alert""]",,My_Data,Signal
mydata:signal:2026-05-25-yield-curve-flattening,2026-06-01,2026-05-25_YIELD_CURVE_FLATTENING,,2026-05-25,,Signals,2026-05-25_YIELD_CURVE_FLATTENING,2026-05-25_YIELD_CURVE_FLATTENING,signal,obsidian://open?vault=My_Data&file=06_Signals%2F2026-05-25_YIELD_CURVE_FLATTENING.md,06_Signals/2026-05-25_YIELD_CURVE_FLATTENING.md,,,,06_Signals,C:\Users\CaveUser\Documents\Obsidian Vault\My_Data\06_Signals\2026-05-25_YIELD_CURVE_FLATTENING.md,My_Data,06_Signals,C:\Users\CaveUser\Documents\Obsidian Vault\My_Data\06_Signals\2026-05-25_YIELD_CURVE_FLATTENING.md,06_Signals/2026-05-25_YIELD_CURVE_FLATTENING.md,obsidian://open?vault=My_Data&file=06_Signals%2F2026-05-25_YIELD_CURVE_FLATTENING.md,My_Data,2026-05-25_YIELD_CURVE_FLATTENING.md,,"[""signal"",""macro"",""watch""]",,My_Data,Signal
mydata:signal:2026-05-26-confirm-dollar-debasement-hard-money,2026-06-01,2026-05-26_CONFIRM_DOLLAR_DEBASEMENT_HARD_MONEY,,2026-05-26,,Signals,2026-05-26_CONFIRM_DOLLAR_DEBASEMENT_HARD_MONEY,2026-05-26_CONFIRM_DOLLAR_DEBASEMENT_HARD_MONEY,signal,obsidian://open?vault=My_Data&file=06_Signals%2F2026-05-26_CONFIRM_DOLLAR_DEBASEMENT_HARD_MONEY.md,06_Signals/2026-05-26_CONFIRM_DOLLAR_DEBASEMENT_HARD_MONEY.md,Real Estate Sector Basket,,,06_Signals,C:\Users\CaveUser\Documents\Obsidian Vault\My_Data\06_Signals\2026-05-26_CONFIRM_DOLLAR_DEBASEMENT_HARD_MONEY.md,My_Data,06_Signals,C:\Users\CaveUser\Documents\Obsidian Vault\My_Data\06_Signals\2026-05-26_CONFIRM_DOLLAR_DEBASEMENT_HARD_MONEY.md,06_Signals/2026-05-26_CONFIRM_DOLLAR_DEBASEMENT_HARD_MONEY.md,obsidian://open?vault=My_Data&file=06_Signals%2F2026-05-26_CONFIRM_DOLLAR_DEBASEMENT_HARD_MONEY.md,My_Data,2026-05-26_CONFIRM_DOLLAR_DEBASEMENT_HARD_MONEY.md,,"[""signal"",""sector-scan"",""confirm"",""dollar-debasement-hard-money""]",,My_Data,Signal
mydata:signal:2026-05-26-confirm-psychedelic-mental-health-revolution,2026-06-01,2026-05-26_CONFIRM_PSYCHEDELIC_MENTAL_HEALTH_REVOLUTION,,2026-05-26,,Signals,2026-05-26_CONFIRM_PSYCHEDELIC_MENTAL_HEALTH_REVOLUTION,2026-05-26_CONFIRM_PSYCHEDELIC_MENTAL_HEALTH_REVOLUTION,signal,obsidian://open?vault=My_Data&file=06_Signals%2F2026-05-26_CONFIRM_PSYCHEDELIC_MENTAL_HEALTH_REVOLUTION.md,06_Signals/2026-05-26_CONFIRM_PSYCHEDELIC_MENTAL_HEALTH_REVOLUTION.md,Healthcare Sector Basket,,,06_Signals,C:\Users\CaveUser\Documents\Obsidian Vault\My_Data\06_Signals\2026-05-26_CONFIRM_PSYCHEDELIC_MENTAL_HEALTH_REVOLUTION.md,My_Data,06_Signals,C:\Users\CaveUser\Documents\Obsidian Vault\My_Data\06_Signals\2026-05-26_CONFIRM_PSYCHEDELIC_MENTAL_HEALTH_REVOLUTION.md,06_Signals/2026-05-26_CONFIRM_PSYCHEDELIC_MENTAL_HEALTH_REVOLUTION.md,obsidian://open?vault=My_Data&file=06_Signals%2F2026-05-26_CONFIRM_PSYCHEDELIC_MENTAL_HEALTH_REVOLUTION.md,My_Data,2026-05-26_CONFIRM_PSYCHEDELIC_MENTAL_HEALTH_REVOLUTION.md,,"[""signal"",""sector-scan"",""confirm"",""psychedelic-mental-health-revolution""]",,My_Data,Signal
mydata:signal:2026-05-26-reverse-repo-depleted,2026-06-01,2026-05-26_REVERSE_REPO_DEPLETED,,2026-05-26,,Signals,2026-05-26_REVERSE_REPO_DEPLETED,2026-05-26_REVERSE_REPO_DEPLETED,signal,obsidian://open?vault=My_Data&file=06_Signals%2F2026-05-26_REVERSE_REPO_DEPLETED.md,06_Signals/2026-05-26_REVERSE_REPO_DEPLETED.md,,,,06_Signals,C:\Users\CaveUser\Documents\Obsidian Vault\My_Data\06_Signals\2026-05-26_REVERSE_REPO_DEPLETED.md,My_Data,06_Signals,C:\Users\CaveUser\Documents\Obsidian Vault\My_Data\06_Signals\2026-05-26_REVERSE_REPO_DEPLETED.md,06_Signals/2026-05-26_REVERSE_REPO_DEPLETED.md,obsidian://open?vault=My_Data&file=06_Signals%2F2026-05-26_REVERSE_REPO_DEPLETED.md,My_Data,2026-05-26_REVERSE_REPO_DEPLETED.md,,"[""signal"",""macro"",""alert""]",,My_Data,Signal
mydata:signal:2026-05-26-yield-curve-flattening,2026-06-01,2026-05-26_YIELD_CURVE_FLATTENING,,2026-05-26,,Signals,2026-05-26_YIELD_CURVE_FLATTENING,2026-05-26_YIELD_CURVE_FLATTENING,signal,obsidian://open?vault=My_Data&file=06_Signals%2F2026-05-26_YIELD_CURVE_FLATTENING.md,06_Signals/2026-05-26_YIELD_CURVE_FLATTENING.md,,,,06_Signals,C:\Users\CaveUser\Documents\Obsidian Vault\My_Data\06_Signals\2026-05-26_YIELD_CURVE_FLATTENING.md,My_Data,06_Signals,C:\Users\CaveUser\Documents\Obsidian Vault\My_Data\06_Signals\2026-05-26_YIELD_CURVE_FLATTENING.md,06_Signals/2026-05-26_YIELD_CURVE_FLATTENING.md,obsidian://open?vault=My_Data&file=06_Signals%2F2026-05-26_YIELD_CURVE_FLATTENING.md,My_Data,2026-05-26_YIELD_CURVE_FLATTENING.md,,"[""signal"",""macro"",""watch""]",,My_Data,Signal
mydata:signal:2026-05-28-reverse-repo-depleted,2026-06-01,2026-05-28_REVERSE_REPO_DEPLETED,,2026-05-28,,Signals,2026-05-28_REVERSE_REPO_DEPLETED,2026-05-28_REVERSE_REPO_DEPLETED,signal,obsidian://open?vault=My_Data&file=06_Signals%2F2026-05-28_REVERSE_REPO_DEPLETED.md,06_Signals/2026-05-28_REVERSE_REPO_DEPLETED.md,,,,06_Signals,C:\Users\CaveUser\Documents\Obsidian Vault\My_Data\06_Signals\2026-05-28_REVERSE_REPO_DEPLETED.md,My_Data,06_Signals,C:\Users\CaveUser\Documents\Obsidian Vault\My_Data\06_Signals\2026-05-28_REVERSE_REPO_DEPLETED.md,06_Signals/2026-05-28_REVERSE_REPO_DEPLETED.md,obsidian://open?vault=My_Data&file=06_Signals%2F2026-05-28_REVERSE_REPO_DEPLETED.md,My_Data,2026-05-28_REVERSE_REPO_DEPLETED.md,,"[""signal"",""macro"",""alert""]",,My_Data,Signal
mydata:signal:2026-05-28-yield-curve-flattening,2026-06-01,2026-05-28_YIELD_CURVE_FLATTENING,,2026-05-28,,Signals,2026-05-28_YIELD_CURVE_FLATTENING,2026-05-28_YIELD_CURVE_FLATTENING,signal,obsidian://open?vault=My_Data&file=06_Signals%2F2026-05-28_YIELD_CURVE_FLATTENING.md,06_Signals/2026-05-28_YIELD_CURVE_FLATTENING.md,,,,06_Signals,C:\Users\CaveUser\Documents\Obsidian Vault\My_Data\06_Signals\2026-05-28_YIELD_CURVE_FLATTENING.md,My_Data,06_Signals,C:\Users\CaveUser\Documents\Obsidian Vault\My_Data\06_Signals\2026-05-28_YIELD_CURVE_FLATTENING.md,06_Signals/2026-05-28_YIELD_CURVE_FLATTENING.md,obsidian://open?vault=My_Data&file=06_Signals%2F2026-05-28_YIELD_CURVE_FLATTENING.md,My_Data,2026-05-28_YIELD_CURVE_FLATTENING.md,,"[""signal"",""macro"",""watch""]",,My_Data,Signal
mydata:signal:2026-05-30-reverse-repo-depleted,2026-06-01,2026-05-30_REVERSE_REPO_DEPLETED,,2026-05-30,,Signals,2026-05-30_REVERSE_REPO_DEPLETED,2026-05-30_REVERSE_REPO_DEPLETED,signal,obsidian://open?vault=My_Data&file=06_Signals%2F2026-05-30_REVERSE_REPO_DEPLETED.md,06_Signals/2026-05-30_REVERSE_REPO_DEPLETED.md,,,,06_Signals,C:\Users\CaveUser\Documents\Obsidian Vault\My_Data\06_Signals\2026-05-30_REVERSE_REPO_DEPLETED.md,My_Data,06_Signals,C:\Users\CaveUser\Documents\Obsidian Vault\My_Data\06_Signals\2026-05-30_REVERSE_REPO_DEPLETED.md,06_Signals/2026-05-30_REVERSE_REPO_DEPLETED.md,obsidian://open?vault=My_Data&file=06_Signals%2F2026-05-30_REVERSE_REPO_DEPLETED.md,My_Data,2026-05-30_REVERSE_REPO_DEPLETED.md,,"[""signal"",""macro"",""alert""]",,My_Data,Signal
mydata:signal:2026-05-30-yield-curve-flattening,2026-06-01,2026-05-30_YIELD_CURVE_FLATTENING,,2026-05-30,,Signals,2026-05-30_YIELD_CURVE_FLATTENING,2026-05-30_YIELD_CURVE_FLATTENING,signal,obsidian://open?vault=My_Data&file=06_Signals%2F2026-05-30_YIELD_CURVE_FLATTENING.md,06_Signals/2026-05-30_YIELD_CURVE_FLATTENING.md,,,,06_Signals,C:\Users\CaveUser\Documents\Obsidian Vault\My_Data\06_Signals\2026-05-30_YIELD_CURVE_FLATTENING.md,My_Data,06_Signals,C:\Users\CaveUser\Documents\Obsidian Vault\My_Data\06_Signals\2026-05-30_YIELD_CURVE_FLATTENING.md,06_Signals/2026-05-30_YIELD_CURVE_FLATTENING.md,obsidian://open?vault=My_Data&file=06_Signals%2F2026-05-30_YIELD_CURVE_FLATTENING.md,My_Data,2026-05-30_YIELD_CURVE_FLATTENING.md,,"[""signal"",""macro"",""watch""]",,My_Data,Signal
