id,labels,name,canonicalName,label,vault,relativePath,obsidianUrl,sourcePath,sourceVault,sourceFolder,nodeType,domain,subdomain,assetClass,sector,industry,country,jurisdiction,tags,status,signalStatus,confidence,conviction,timeframe,frequency,lastUpdated,date,asOfDate,ticker,exchange,symbol,currency,instrumentType,currentValue,trend,source,provider,dataType,datePulled,freshnessDate,summary,url
world:politicalactor:2026-05-12-russia-ukraine-war-status-q2-2026,PoliticalActor,2026-05-12 - Russia Ukraine War Status Q2 2026,2026-05-12 - Russia Ukraine War Status Q2 2026,2026-05-12 - Russia Ukraine War Status Q2 2026,World_Machine,Politics/2026-05-12 - Russia Ukraine War Status Q2 2026.md,obsidian://open?vault=World_Machine&file=Politics%2F2026-05-12%20-%20Russia%20Ukraine%20War%20Status%20Q2%202026.md,C:\Users\CaveUser\Documents\Obsidian Vault\World_Machine\Politics\2026-05-12 - Russia Ukraine War Status Q2 2026.md,World_Machine,Politics,politicalactor,Politics,2026-05-12 - Russia Ukraine War Status Q2 2026.md,,,,,,russia;ukraine;war;geopolitics;drone;attrition;putin;regime-change,,watch,,,,,,2026-05-12,2026-06-01,,,,,,,,CountryWatch – Featured Country: Russia (2026-05-12),,geopolitical-brief,,,,
world:politicalactor:2026-05-14-warsh-crypto-disclosure-and-policy-capture-risk,PoliticalActor,2026-05-14 - Warsh Crypto Disclosure and Policy Capture Risk,2026-05-14 - Warsh Crypto Disclosure and Policy Capture Risk,2026-05-14 - Warsh Crypto Disclosure and Policy Capture Risk,World_Machine,Politics/Observations/2026-05-14 - Warsh Crypto Disclosure and Policy Capture Risk.md,obsidian://open?vault=World_Machine&file=Politics%2FObservations%2F2026-05-14%20-%20Warsh%20Crypto%20Disclosure%20and%20Policy%20Capture%20Risk.md,C:\Users\CaveUser\Documents\Obsidian Vault\World_Machine\Politics\Observations\2026-05-14 - Warsh Crypto Disclosure and Policy Capture Risk.md,World_Machine,Politics,politicalactor,Politics,Observations,,,,,,warsh;fed;crypto;disclosures;policy-capture;digital-assets,active,,,,,,,2026-05-14,2026-06-01,,,,,,,,,,observation,,,,
world:politicalactor:fec-api,PoliticalActor,FEC API,FEC API,FEC API,World_Machine,Politics/_Data Sources/FEC API.md,obsidian://open?vault=World_Machine&file=Politics%2F_Data%20Sources%2FFEC%20API.md,C:\Users\CaveUser\Documents\Obsidian Vault\World_Machine\Politics\_Data Sources\FEC API.md,World_Machine,Politics,politicalactor,Politics,_Data Sources,,,,,,data-source;politics;campaign-finance;federal,,,,,,,,,2026-06-01,,,,,,,,,,data-source,,,,
world:politicalactor:icij-offshore-leaks,PoliticalActor,ICIJ Offshore Leaks,ICIJ Offshore Leaks,ICIJ Offshore Leaks,World_Machine,Politics/_Data Sources/ICIJ Offshore Leaks.md,obsidian://open?vault=World_Machine&file=Politics%2F_Data%20Sources%2FICIJ%20Offshore%20Leaks.md,C:\Users\CaveUser\Documents\Obsidian Vault\World_Machine\Politics\_Data Sources\ICIJ Offshore Leaks.md,World_Machine,Politics,politicalactor,Politics,_Data Sources,,,,,,data-source;politics;offshore;beneficial-ownership;investigation,,,,,,,,,2026-06-01,,,,,,,,,,data-source,,,,
world:politicalactor:irs-990s-propublica-nonprofit-explorer,PoliticalActor,IRS 990s - ProPublica Nonprofit Explorer,IRS 990s - ProPublica Nonprofit Explorer,IRS 990s - ProPublica Nonprofit Explorer,World_Machine,Politics/_Data Sources/IRS 990s - ProPublica Nonprofit Explorer.md,obsidian://open?vault=World_Machine&file=Politics%2F_Data%20Sources%2FIRS%20990s%20-%20ProPublica%20Nonprofit%20Explorer.md,C:\Users\CaveUser\Documents\Obsidian Vault\World_Machine\Politics\_Data Sources\IRS 990s - ProPublica Nonprofit Explorer.md,World_Machine,Politics,politicalactor,Politics,_Data Sources,,,,,,data-source;politics;nonprofit;dark-money;501c4,,,,,,,,,2026-06-01,,,,,,,,,,data-source,,,,
world:politicalactor:opencorporates,PoliticalActor,OpenCorporates,OpenCorporates,OpenCorporates,World_Machine,Politics/_Data Sources/OpenCorporates.md,obsidian://open?vault=World_Machine&file=Politics%2F_Data%20Sources%2FOpenCorporates.md,C:\Users\CaveUser\Documents\Obsidian Vault\World_Machine\Politics\_Data Sources\OpenCorporates.md,World_Machine,Politics,politicalactor,Politics,_Data Sources,,,,,,data-source;politics;corporate-registry;ownership,,,,,,,,,2026-06-01,,,,,,,,,,data-source,,,,
world:politicalactor:opensecrets-api,PoliticalActor,OpenSecrets API,OpenSecrets API,OpenSecrets API,World_Machine,Politics/_Data Sources/OpenSecrets API.md,obsidian://open?vault=World_Machine&file=Politics%2F_Data%20Sources%2FOpenSecrets%20API.md,C:\Users\CaveUser\Documents\Obsidian Vault\World_Machine\Politics\_Data Sources\OpenSecrets API.md,World_Machine,Politics,politicalactor,Politics,_Data Sources,,,,,,data-source;politics;campaign-finance;aggregated,,,,,,,,,2026-06-01,,,,,,,,,,data-source,,,,
world:politicalactor:readme,PoliticalActor,_README,_README,_README,World_Machine,Politics/_README.md,obsidian://open?vault=World_Machine&file=Politics%2F_README.md,C:\Users\CaveUser\Documents\Obsidian Vault\World_Machine\Politics\_README.md,World_Machine,Politics,politicalactor,Politics,_README.md,,,,,,politics;money-in-politics;pac;lobbying,,,,,,,,2026-05-11,2026-06-01,,,,,,,,,,domain-readme,,,,
world:politicalactor:senate-lda-house-lda,PoliticalActor,Senate LDA - House LDA,Senate LDA - House LDA,Senate LDA - House LDA,World_Machine,Politics/_Data Sources/Senate LDA - House LDA.md,obsidian://open?vault=World_Machine&file=Politics%2F_Data%20Sources%2FSenate%20LDA%20-%20House%20LDA.md,C:\Users\CaveUser\Documents\Obsidian Vault\World_Machine\Politics\_Data Sources\Senate LDA - House LDA.md,World_Machine,Politics,politicalactor,Politics,_Data Sources,,,,,,data-source;politics;lobbying;legislative,,,,,,,,,2026-06-01,,,,,,,,,,data-source,,,,
