id,label,name,date,kind,status,score,route,source_count,evidence_count,summary,vault,relative_path,obsidian_url,command,tags
batch:2026-05-25,InboxBatch,World_Machine inbox batch 2026-05-25,2026-05-25,batch,,,,,,7 synthesized event candidates from World_Machine inbox ingestion.,World_Machine,Reports/System/event_connections/2026-05-25_Inbox_Event_Connections.html,obsidian://open?vault=World_Machine&file=Reports%2FSystem%2Fevent_connections%2F2026-05-25_Inbox_Event_Connections.html,,world-machine;inbox;event-connections
artifact:2026-05-25:plotly,VisualArtifact,2026-05-25 Inbox Event Connections Plotly,2026-05-25,plotly-html,,,,,,Interactive review artifact generated from World_Machine inbox event connection candidates.,World_Machine,Reports/System/event_connections/2026-05-25_Inbox_Event_Connections.html,obsidian://open?vault=World_Machine&file=Reports%2FSystem%2Fevent_connections%2F2026-05-25_Inbox_Event_Connections.html,,plotly;network;review-artifact
candidate:2026-05-25-existing-scenario-connection-rates-bonds-inflation-expectatio,EventCandidate,"Rates, Bonds, And Inflation Expectations",2026-05-25,existing_scenario_connection,alert,691,02_Strategy_Development/Watchpoints,15,5,"Rates, Bonds, And Inflation Expectations current-event connection. Sources: Transcript_ Shelia Bair, former FDIC Chair, US MARKET CALL_ FOMO vs FEMO (Fabulous Earnings Momentum), Kushner Disappoints Mideast Clients Who Spent Millions Seeking Sway +12 more. Evidence: FRED Liquidity Pull.",World_Machine,Reports/System/event_connections/2026-05-25_Inbox_Event_Connections.html,obsidian://open?vault=World_Machine&file=Reports%2FSystem%2Fevent_connections%2F2026-05-25_Inbox_Event_Connections.html,,candidate;existing_scenario_connection;alert
trend:rates-bonds-and-inflation-expectations,Trend,"Rates, Bonds, And Inflation Expectations",2026-05-25,trend-cluster,,,,,,"Synthesized trend cluster from inbox items: Rates, Bonds, And Inflation Expectations",,,,,trend;cluster
scenario:fertilizer-shortage,Scenario,fertilizer-shortage,2026-05-25,seeded-event-scenario,,,,,,Seeded event research scenario: fertilizer-shortage,,,,node run.mjs pull event-research --scenario fertilizer-shortage --dry-run,scenario;event-research
scenario:hormuz-oil-shock,Scenario,hormuz-oil-shock,2026-05-25,seeded-event-scenario,,,,,,Seeded event research scenario: hormuz-oil-shock,,,,node run.mjs pull event-research --scenario hormuz-oil-shock --dry-run,scenario;event-research
scenario:glp1-supply-chain-shortage,Scenario,glp1-supply-chain-shortage,2026-05-25,seeded-event-scenario,,,,,,Seeded event research scenario: glp1-supply-chain-shortage,,,,node run.mjs pull event-research --scenario glp1-supply-chain-shortage --dry-run,scenario;event-research
route:02-strategy-development-watchpoints,ReviewRoute,02_Strategy_Development/Watchpoints,2026-05-25,review-route,,,02_Strategy_Development/Watchpoints,,,Suggested World_Machine review route: 02_Strategy_Development/Watchpoints,,,,,review-route;world-machine
source:10-themes-fed-speeches-and-fomc-communications-transcript-shelia-bair-former-fdic-chair-md,SourceItem,"Transcript_ Shelia Bair, former FDIC Chair",2026-05-25,world-machine-inbox-source,,,03_Macro_and_Economy/Observations,,,Archived World_Machine inbox source item routed to 03_Macro_and_Economy/Observations.,World_Machine,"10_Themes/Fed Speeches and FOMC Communications/Transcript_ Shelia Bair, former FDIC Chair.md",obsidian://open?vault=World_Machine&file=10_Themes%2FFed%20Speeches%20and%20FOMC%20Communications%2FTranscript_%20Shelia%20Bair%2C%20former%20FDIC%20Chair.md,,source-item;world-machine-inbox
source:10-themes-fed-speeches-and-fomc-communications-us-market-call-fomo-vs-femo-fabulous-earnings-mom,SourceItem,US MARKET CALL_ FOMO vs FEMO (Fabulous Earnings Momentum),2026-05-25,world-machine-inbox-source,,,03_Macro_and_Economy/Observations,,,Archived World_Machine inbox source item routed to 03_Macro_and_Economy/Observations.,World_Machine,10_Themes/Fed Speeches and FOMC Communications/US MARKET CALL_ FOMO vs FEMO (Fabulous Earnings Momentum).md,obsidian://open?vault=World_Machine&file=10_Themes%2FFed%20Speeches%20and%20FOMC%20Communications%2FUS%20MARKET%20CALL_%20FOMO%20vs%20FEMO%20(Fabulous%20Earnings%20Momentum).md,,source-item;world-machine-inbox
source:10-themes-geopolitics-and-capital-flows-kushner-disappoints-mideast-clients-who-spent-millions-s,SourceItem,Kushner Disappoints Mideast Clients Who Spent Millions Seeking Sway,2026-05-25,world-machine-inbox-source,,,03_Macro_and_Economy/Observations,,,Archived World_Machine inbox source item routed to 03_Macro_and_Economy/Observations.,World_Machine,10_Themes/Geopolitics and Capital Flows/Kushner Disappoints Mideast Clients Who Spent Millions Seeking Sway.md,obsidian://open?vault=World_Machine&file=10_Themes%2FGeopolitics%20and%20Capital%20Flows%2FKushner%20Disappoints%20Mideast%20Clients%20Who%20Spent%20Millions%20Seeking%20Sway.md,,source-item;world-machine-inbox
source:10-themes-macro-regime-and-economic-data-economic-week-ahead-may-25-29-md,SourceItem,ECONOMIC WEEK AHEAD_ May 25-29,2026-05-25,world-machine-inbox-source,,,03_Macro_and_Economy/Observations,,,Archived World_Machine inbox source item routed to 03_Macro_and_Economy/Observations.,World_Machine,10_Themes/Macro Regime and Economic Data/ECONOMIC WEEK AHEAD_ May 25-29.md,obsidian://open?vault=World_Machine&file=10_Themes%2FMacro%20Regime%20and%20Economic%20Data%2FECONOMIC%20WEEK%20AHEAD_%20May%2025-29.md,,source-item;world-machine-inbox
source:10-themes-macro-regime-and-economic-data-the-daily-spark-md,SourceItem,The Daily Spark,2026-05-25,world-machine-inbox-source,,,03_Macro_and_Economy/Observations,,,Archived World_Machine inbox source item routed to 03_Macro_and_Economy/Observations.,World_Machine,10_Themes/Macro Regime and Economic Data/The Daily Spark.md,obsidian://open?vault=World_Machine&file=10_Themes%2FMacro%20Regime%20and%20Economic%20Data%2FThe%20Daily%20Spark.md,,source-item;world-machine-inbox
source:10-themes-macro-regime-and-economic-data-updated-bond-view-time-to-opportunistically-rotate-cash,SourceItem,Updated Bond View – Time to Opportunistically Rotate Cash to Bonds but Diversify Your Diversifiers,2026-05-25,world-machine-inbox-source,,,03_Macro_and_Economy/Observations,,,Archived World_Machine inbox source item routed to 03_Macro_and_Economy/Observations.,World_Machine,10_Themes/Macro Regime and Economic Data/Updated Bond View – Time to Opportunistically Rotate Cash to Bonds but Diversify Your Diversifiers.md,obsidian://open?vault=World_Machine&file=10_Themes%2FMacro%20Regime%20and%20Economic%20Data%2FUpdated%20Bond%20View%20%E2%80%93%20Time%20to%20Opportunistically%20Rotate%20Cash%20to%20Bonds%20but%20Diversify%20Your%20Diversifiers.md,,source-item;world-machine-inbox
source:10-themes-policy-regulation-and-institutions-the-supreme-court-just-told-every-freight-broker-th,SourceItem,The Supreme Court just told every freight broker that they can be sued,2026-05-25,world-machine-inbox-source,,,03_Macro_and_Economy/Observations,,,Archived World_Machine inbox source item routed to 03_Macro_and_Economy/Observations.,World_Machine,10_Themes/Policy Regulation and Institutions/The Supreme Court just told every freight broker that they can be sued.md,obsidian://open?vault=World_Machine&file=10_Themes%2FPolicy%20Regulation%20and%20Institutions%2FThe%20Supreme%20Court%20just%20told%20every%20freight%20broker%20that%20they%20can%20be%20sued.md,,source-item;world-machine-inbox
source:10-themes-research-learning-and-tools-wealth-is-righteously-earned-and-poverty-is-righteously-di,SourceItem,Wealth is righteously earned and poverty is righteously dispensed,2026-05-25,world-machine-inbox-source,,,03_Macro_and_Economy/Observations,,,Archived World_Machine inbox source item routed to 03_Macro_and_Economy/Observations.,World_Machine,10_Themes/Research Learning and Tools/Wealth is righteously earned and poverty is righteously dispensed.md,obsidian://open?vault=World_Machine&file=10_Themes%2FResearch%20Learning%20and%20Tools%2FWealth%20is%20righteously%20earned%20and%20poverty%20is%20righteously%20dispensed.md,,source-item;world-machine-inbox
source:10-themes-strategy-setups-and-watchpoints-market-mechanics-or-fundamentals-whats-behind-this-ral,SourceItem,Market Mechanics Or Fundamentals_ Whats Behind This Rally_,2026-05-25,world-machine-inbox-source,,,03_Macro_and_Economy/Observations,,,Archived World_Machine inbox source item routed to 03_Macro_and_Economy/Observations.,World_Machine,10_Themes/Strategy Setups and Watchpoints/Market Mechanics Or Fundamentals_ Whats Behind This Rally_.md,obsidian://open?vault=World_Machine&file=10_Themes%2FStrategy%20Setups%20and%20Watchpoints%2FMarket%20Mechanics%20Or%20Fundamentals_%20Whats%20Behind%20This%20Rally_.md,,source-item;world-machine-inbox
source:10-themes-strategy-setups-and-watchpoints-may-18-2026-morning-briefing-md,SourceItem,69cd094e32d30e555ad094efe48a822d1204e4a8.pdf,2026-05-25,world-machine-inbox-source,,,03_Macro_and_Economy/Observations,,,Archived World_Machine inbox source item routed to 03_Macro_and_Economy/Observations.,World_Machine,"10_Themes/Strategy Setups and Watchpoints/May 18, 2026 Morning Briefing.md",obsidian://open?vault=World_Machine&file=10_Themes%2FStrategy%20Setups%20and%20Watchpoints%2FMay%2018%2C%202026%20Morning%20Briefing.md,,source-item;world-machine-inbox
source:10-themes-strategy-setups-and-watchpoints-spotgamma-md,SourceItem,SpotGamma FlowPatrol,2026-05-25,world-machine-inbox-source,,,03_Macro_and_Economy/Observations,,,Archived World_Machine inbox source item routed to 03_Macro_and_Economy/Observations.,World_Machine,10_Themes/Strategy Setups and Watchpoints/SpotGamma.md,obsidian://open?vault=World_Machine&file=10_Themes%2FStrategy%20Setups%20and%20Watchpoints%2FSpotGamma.md,,source-item;world-machine-inbox
source:20-sectors-consumer-housing-and-small-business-under-one-roof-housing-and-inflation-expectations,SourceItem,Under one roof_ housing and inflation expectations,2026-05-25,world-machine-inbox-source,,,03_Macro_and_Economy/Observations,,,Archived World_Machine inbox source item routed to 03_Macro_and_Economy/Observations.,World_Machine,20_Sectors/Consumer Housing and Small Business/Under one roof_ housing and inflation expectations.md,obsidian://open?vault=World_Machine&file=20_Sectors%2FConsumer%20Housing%20and%20Small%20Business%2FUnder%20one%20roof_%20housing%20and%20inflation%20expectations.md,,source-item;world-machine-inbox
source:20-sectors-financials-credit-and-real-estate-jpmorgan-fights-over-millions-of-comic-books-locked,SourceItem,JPMorgan Fights Over Millions of Comic Books Locked in a Mississippi Warehouse,2026-05-25,world-machine-inbox-source,,,03_Macro_and_Economy/Observations,,,Archived World_Machine inbox source item routed to 03_Macro_and_Economy/Observations.,World_Machine,20_Sectors/Financials Credit and Real Estate/JPMorgan Fights Over Millions of Comic Books Locked in a Mississippi Warehouse.md,obsidian://open?vault=World_Machine&file=20_Sectors%2FFinancials%20Credit%20and%20Real%20Estate%2FJPMorgan%20Fights%20Over%20Millions%20of%20Comic%20Books%20Locked%20in%20a%20Mississippi%20Warehouse.md,,source-item;world-machine-inbox
source:20-sectors-healthcare-biotech-and-pharma-profiting-from-inflated-hospital-prices-md,SourceItem,Profiting From Inflated Hospital Prices,2026-05-25,world-machine-inbox-source,,,03_Macro_and_Economy/Observations,,,Archived World_Machine inbox source item routed to 03_Macro_and_Economy/Observations.,World_Machine,20_Sectors/Healthcare Biotech and Pharma/Profiting From Inflated Hospital Prices.md,obsidian://open?vault=World_Machine&file=20_Sectors%2FHealthcare%20Biotech%20and%20Pharma%2FProfiting%20From%20Inflated%20Hospital%20Prices.md,,source-item;world-machine-inbox
source:20-sectors-healthcare-biotech-and-pharma-the-biotech-empire-of-wuxi-md,SourceItem,The Biotech Empire of Wuxi,2026-05-25,world-machine-inbox-source,,,03_Macro_and_Economy/Observations,,,Archived World_Machine inbox source item routed to 03_Macro_and_Economy/Observations.,World_Machine,20_Sectors/Healthcare Biotech and Pharma/The Biotech Empire of Wuxi.md,obsidian://open?vault=World_Machine&file=20_Sectors%2FHealthcare%20Biotech%20and%20Pharma%2FThe%20Biotech%20Empire%20of%20Wuxi.md,,source-item;world-machine-inbox
evidence:05-data-pulls-macro-2026-05-01-fred-liquidity-md,Evidence,FRED Liquidity Pull,2026-05-25,my-data-evidence,,,,,,Local My_Data evidence link: FRED Liquidity Pull,My_Data,05_Data_Pulls/Macro/2026-05-01_FRED_Liquidity.md,obsidian://open?vault=My_Data&file=05_Data_Pulls%2FMacro%2F2026-05-01_FRED_Liquidity.md,,evidence;my-data;local-only
evidence:05-data-pulls-macro-2026-05-02-fred-liquidity-md,Evidence,FRED Liquidity Pull,2026-05-25,my-data-evidence,,,,,,Local My_Data evidence link: FRED Liquidity Pull,My_Data,05_Data_Pulls/Macro/2026-05-02_FRED_Liquidity.md,obsidian://open?vault=My_Data&file=05_Data_Pulls%2FMacro%2F2026-05-02_FRED_Liquidity.md,,evidence;my-data;local-only
evidence:05-data-pulls-macro-2026-05-07-fred-liquidity-md,Evidence,FRED Liquidity Pull,2026-05-25,my-data-evidence,,,,,,Local My_Data evidence link: FRED Liquidity Pull,My_Data,05_Data_Pulls/Macro/2026-05-07_FRED_Liquidity.md,obsidian://open?vault=My_Data&file=05_Data_Pulls%2FMacro%2F2026-05-07_FRED_Liquidity.md,,evidence;my-data;local-only
evidence:05-data-pulls-macro-2026-05-08-fred-liquidity-md,Evidence,FRED Liquidity Pull,2026-05-25,my-data-evidence,,,,,,Local My_Data evidence link: FRED Liquidity Pull,My_Data,05_Data_Pulls/Macro/2026-05-08_FRED_Liquidity.md,obsidian://open?vault=My_Data&file=05_Data_Pulls%2FMacro%2F2026-05-08_FRED_Liquidity.md,,evidence;my-data;local-only
evidence:05-data-pulls-macro-2026-05-11-fred-liquidity-md,Evidence,FRED Liquidity Pull,2026-05-25,my-data-evidence,,,,,,Local My_Data evidence link: FRED Liquidity Pull,My_Data,05_Data_Pulls/Macro/2026-05-11_FRED_Liquidity.md,obsidian://open?vault=My_Data&file=05_Data_Pulls%2FMacro%2F2026-05-11_FRED_Liquidity.md,,evidence;my-data;local-only
command:node-run-mjs-pull-event-research-scenario-fertilizer-shortage-dry-run,Command,node run.mjs pull event-research --scenario fertilizer-shortage --dry-run,2026-05-25,dry-run-command,,,,,,Dry-run command for human review; does not acquire or promote automatically.,,,,node run.mjs pull event-research --scenario fertilizer-shortage --dry-run,command;dry-run;review
command:node-run-mjs-pull-event-research-scenario-hormuz-oil-shock-dry-run,Command,node run.mjs pull event-research --scenario hormuz-oil-shock --dry-run,2026-05-25,dry-run-command,,,,,,Dry-run command for human review; does not acquire or promote automatically.,,,,node run.mjs pull event-research --scenario hormuz-oil-shock --dry-run,command;dry-run;review
command:node-run-mjs-pull-event-research-scenario-glp1-supply-chain-shortage-dry-run,Command,node run.mjs pull event-research --scenario glp1-supply-chain-shortage --dry-run,2026-05-25,dry-run-command,,,,,,Dry-run command for human review; does not acquire or promote automatically.,,,,node run.mjs pull event-research --scenario glp1-supply-chain-shortage --dry-run,command;dry-run;review
candidate:2026-05-25-existing-scenario-connection-healthcare-pricing-and-policy-gl,EventCandidate,Healthcare Pricing And Policy Pressure,2026-05-25,existing_scenario_connection,alert,433,02_Strategy_Development/Watchpoints,13,5,"Healthcare Pricing And Policy Pressure current-event connection. Sources: Transcript_ Shelia Bair, former FDIC Chair, US MARKET CALL_ FOMO vs FEMO (Fabulous Earnings Momentum), GLOBAL MARKET CALL_ US-Iran Deal Would Boost Go Global Investment Strategy +10 more. Evidence: NAHB Builder Confidence, Clinical Trials — Oncology, Recent Drug Approvals — FDA.",World_Machine,Reports/System/event_connections/2026-05-25_Inbox_Event_Connections.html,obsidian://open?vault=World_Machine&file=Reports%2FSystem%2Fevent_connections%2F2026-05-25_Inbox_Event_Connections.html,,candidate;existing_scenario_connection;alert
trend:healthcare-pricing-and-policy-pressure,Trend,Healthcare Pricing And Policy Pressure,2026-05-25,trend-cluster,,,,,,Synthesized trend cluster from inbox items: Healthcare Pricing And Policy Pressure,,,,,trend;cluster
source:10-themes-geopolitics-and-capital-flows-global-market-call-us-iran-deal-would-boost-go-global-in,SourceItem,GLOBAL MARKET CALL_ US-Iran Deal Would Boost Go Global Investment Strategy,2026-05-25,world-machine-inbox-source,,,03_Macro_and_Economy/Observations,,,Archived World_Machine inbox source item routed to 03_Macro_and_Economy/Observations.,World_Machine,10_Themes/Geopolitics and Capital Flows/GLOBAL MARKET CALL_ US-Iran Deal Would Boost Go Global Investment Strategy.md,obsidian://open?vault=World_Machine&file=10_Themes%2FGeopolitics%20and%20Capital%20Flows%2FGLOBAL%20MARKET%20CALL_%20US-Iran%20Deal%20Would%20Boost%20Go%20Global%20Investment%20Strategy.md,,source-item;world-machine-inbox
source:20-sectors-consumer-housing-and-small-business-consumer-discretionary-another-concentrated-secto,SourceItem,CONSUMER DISCRETIONARY_ Another Concentrated Sector,2026-05-25,world-machine-inbox-source,,,03_Macro_and_Economy/Observations,,,Archived World_Machine inbox source item routed to 03_Macro_and_Economy/Observations.,World_Machine,20_Sectors/Consumer Housing and Small Business/CONSUMER DISCRETIONARY_ Another Concentrated Sector.md,obsidian://open?vault=World_Machine&file=20_Sectors%2FConsumer%20Housing%20and%20Small%20Business%2FCONSUMER%20DISCRETIONARY_%20Another%20Concentrated%20Sector.md,,source-item;world-machine-inbox
evidence:05-data-pulls-housing-2026-05-01-nahb-builder-confidence-md,Evidence,NAHB Builder Confidence,2026-05-25,my-data-evidence,,,,,,Local My_Data evidence link: NAHB Builder Confidence,My_Data,05_Data_Pulls/Housing/2026-05-01_NAHB_Builder_Confidence.md,obsidian://open?vault=My_Data&file=05_Data_Pulls%2FHousing%2F2026-05-01_NAHB_Builder_Confidence.md,,evidence;my-data;local-only
evidence:05-data-pulls-housing-2026-05-02-nahb-builder-confidence-md,Evidence,NAHB Builder Confidence,2026-05-25,my-data-evidence,,,,,,Local My_Data evidence link: NAHB Builder Confidence,My_Data,05_Data_Pulls/Housing/2026-05-02_NAHB_Builder_Confidence.md,obsidian://open?vault=My_Data&file=05_Data_Pulls%2FHousing%2F2026-05-02_NAHB_Builder_Confidence.md,,evidence;my-data;local-only
evidence:05-data-pulls-biotech-2026-05-09-clinicaltrials-oncology-md,Evidence,Clinical Trials — Oncology,2026-05-25,my-data-evidence,,,,,,Local My_Data evidence link: Clinical Trials — Oncology,My_Data,05_Data_Pulls/Biotech/2026-05-09_ClinicalTrials_Oncology.md,obsidian://open?vault=My_Data&file=05_Data_Pulls%2FBiotech%2F2026-05-09_ClinicalTrials_Oncology.md,,evidence;my-data;local-only
evidence:05-data-pulls-biotech-2026-05-01-fda-approvals-md,Evidence,Recent Drug Approvals — FDA,2026-05-25,my-data-evidence,,,,,,Local My_Data evidence link: Recent Drug Approvals — FDA,My_Data,05_Data_Pulls/Biotech/2026-05-01_FDA_Approvals.md,obsidian://open?vault=My_Data&file=05_Data_Pulls%2FBiotech%2F2026-05-01_FDA_Approvals.md,,evidence;my-data;local-only
evidence:05-data-pulls-biotech-2026-05-02-fda-approvals-md,Evidence,Recent Drug Approvals — FDA,2026-05-25,my-data-evidence,,,,,,Local My_Data evidence link: Recent Drug Approvals — FDA,My_Data,05_Data_Pulls/Biotech/2026-05-02_FDA_Approvals.md,obsidian://open?vault=My_Data&file=05_Data_Pulls%2FBiotech%2F2026-05-02_FDA_Approvals.md,,evidence;my-data;local-only
command:node-run-mjs-scan-sectors-sector-healthcare-dry-run,Command,node run.mjs scan sectors --sector healthcare --dry-run,2026-05-25,dry-run-command,,,,,,Dry-run command for human review; does not acquire or promote automatically.,,,,node run.mjs scan sectors --sector healthcare --dry-run,command;dry-run;review
candidate:2026-05-25-existing-scenario-connection-power-grid-industrial-capex-ai-d,EventCandidate,"Power, Grid, And Industrial Capex",2026-05-25,existing_scenario_connection,alert,136,02_Strategy_Development/Watchpoints,7,5,"Power, Grid, And Industrial Capex current-event connection. Sources: Transcript_ Shelia Bair, former FDIC Chair, The Daily Spark, The Supreme Court just told every freight broker that they can be sued +4 more. Evidence: EIA Generation Mix Pull, Dilution Monitor, Disclosure Reality Check.",World_Machine,Reports/System/event_connections/2026-05-25_Inbox_Event_Connections.html,obsidian://open?vault=World_Machine&file=Reports%2FSystem%2Fevent_connections%2F2026-05-25_Inbox_Event_Connections.html,,candidate;existing_scenario_connection;alert
trend:power-grid-and-industrial-capex,Trend,"Power, Grid, And Industrial Capex",2026-05-25,trend-cluster,,,,,,"Synthesized trend cluster from inbox items: Power, Grid, And Industrial Capex",,,,,trend;cluster
scenario:ai-data-center-power-bottleneck,Scenario,ai-data-center-power-bottleneck,2026-05-25,seeded-event-scenario,,,,,,Seeded event research scenario: ai-data-center-power-bottleneck,,,,node run.mjs pull event-research --scenario ai-data-center-power-bottleneck --dry-run,scenario;event-research
scenario:copper-supply-bottleneck,Scenario,copper-supply-bottleneck,2026-05-25,seeded-event-scenario,,,,,,Seeded event research scenario: copper-supply-bottleneck,,,,node run.mjs pull event-research --scenario copper-supply-bottleneck --dry-run,scenario;event-research
evidence:05-data-pulls-energy-2026-05-01-eia-generation-mix-md,Evidence,EIA Generation Mix Pull,2026-05-25,my-data-evidence,,,,,,Local My_Data evidence link: EIA Generation Mix Pull,My_Data,05_Data_Pulls/Energy/2026-05-01_EIA_Generation_Mix.md,obsidian://open?vault=My_Data&file=05_Data_Pulls%2FEnergy%2F2026-05-01_EIA_Generation_Mix.md,,evidence;my-data;local-only
evidence:05-data-pulls-energy-2026-05-02-eia-generation-mix-md,Evidence,EIA Generation Mix Pull,2026-05-25,my-data-evidence,,,,,,Local My_Data evidence link: EIA Generation Mix Pull,My_Data,05_Data_Pulls/Energy/2026-05-02_EIA_Generation_Mix.md,obsidian://open?vault=My_Data&file=05_Data_Pulls%2FEnergy%2F2026-05-02_EIA_Generation_Mix.md,,evidence;my-data;local-only
evidence:05-data-pulls-fundamentals-2026-05-01-dilution-monitor-md,Evidence,Dilution Monitor,2026-05-25,my-data-evidence,,,,,,Local My_Data evidence link: Dilution Monitor,My_Data,05_Data_Pulls/Fundamentals/2026-05-01_Dilution_Monitor.md,obsidian://open?vault=My_Data&file=05_Data_Pulls%2FFundamentals%2F2026-05-01_Dilution_Monitor.md,,evidence;my-data;local-only
evidence:05-data-pulls-fundamentals-2026-05-02-dilution-monitor-md,Evidence,Dilution Monitor,2026-05-25,my-data-evidence,,,,,,Local My_Data evidence link: Dilution Monitor,My_Data,05_Data_Pulls/Fundamentals/2026-05-02_Dilution_Monitor.md,obsidian://open?vault=My_Data&file=05_Data_Pulls%2FFundamentals%2F2026-05-02_Dilution_Monitor.md,,evidence;my-data;local-only
evidence:05-data-pulls-fundamentals-2026-05-05-disclosure-reality-check-md,Evidence,Disclosure Reality Check,2026-05-25,my-data-evidence,,,,,,Local My_Data evidence link: Disclosure Reality Check,My_Data,05_Data_Pulls/Fundamentals/2026-05-05_Disclosure_Reality_Check.md,obsidian://open?vault=My_Data&file=05_Data_Pulls%2FFundamentals%2F2026-05-05_Disclosure_Reality_Check.md,,evidence;my-data;local-only
command:node-run-mjs-pull-event-research-scenario-ai-data-center-power-bottleneck-dry-run,Command,node run.mjs pull event-research --scenario ai-data-center-power-bottleneck --dry-run,2026-05-25,dry-run-command,,,,,,Dry-run command for human review; does not acquire or promote automatically.,,,,node run.mjs pull event-research --scenario ai-data-center-power-bottleneck --dry-run,command;dry-run;review
command:node-run-mjs-pull-event-research-scenario-copper-supply-bottleneck-dry-run,Command,node run.mjs pull event-research --scenario copper-supply-bottleneck --dry-run,2026-05-25,dry-run-command,,,,,,Dry-run command for human review; does not acquire or promote automatically.,,,,node run.mjs pull event-research --scenario copper-supply-bottleneck --dry-run,command;dry-run;review
candidate:2026-05-25-emerging-event-candidate-socioeconomic-narrative-risk,EventCandidate,Socioeconomic Narrative Risk,2026-05-25,emerging_event_candidate,watch,385,03_Macro_and_Economy/Observations,14,5,"Socioeconomic Narrative Risk emerging event candidate. Sources: Transcript_ Shelia Bair, former FDIC Chair, US MARKET CALL_ FOMO vs FEMO (Fabulous Earnings Momentum), GLOBAL MARKET CALL_ US-Iran Deal Would Boost Go Global Investment Strategy +11 more. Evidence: Fresh 52-Week Sinners - FMP Screener, Disclosure Reality Check, Chapter 11 Avoidance Program - FMP Screener +2 more.",World_Machine,Reports/System/event_connections/2026-05-25_Inbox_Event_Connections.html,obsidian://open?vault=World_Machine&file=Reports%2FSystem%2Fevent_connections%2F2026-05-25_Inbox_Event_Connections.html,,candidate;emerging_event_candidate;watch
trend:socioeconomic-narrative-risk,Trend,Socioeconomic Narrative Risk,2026-05-25,trend-cluster,,,,,,Synthesized trend cluster from inbox items: Socioeconomic Narrative Risk,,,,,trend;cluster
route:03-macro-and-economy-observations,ReviewRoute,03_Macro_and_Economy/Observations,2026-05-25,review-route,,,03_Macro_and_Economy/Observations,,,Suggested World_Machine review route: 03_Macro_and_Economy/Observations,,,,,review-route;world-machine
evidence:05-data-pulls-fundamentals-2026-05-23-fmp-fresh-52-week-sinners-screen-md,Evidence,Fresh 52-Week Sinners - FMP Screener,2026-05-25,my-data-evidence,,,,,,Local My_Data evidence link: Fresh 52-Week Sinners - FMP Screener,My_Data,05_Data_Pulls/Fundamentals/2026-05-23_FMP_Fresh_52_Week_Sinners_Screen.md,obsidian://open?vault=My_Data&file=05_Data_Pulls%2FFundamentals%2F2026-05-23_FMP_Fresh_52_Week_Sinners_Screen.md,,evidence;my-data;local-only
evidence:05-data-pulls-fundamentals-2026-05-24-disclosure-reality-check-md,Evidence,Disclosure Reality Check,2026-05-25,my-data-evidence,,,,,,Local My_Data evidence link: Disclosure Reality Check,My_Data,05_Data_Pulls/Fundamentals/2026-05-24_Disclosure_Reality_Check.md,obsidian://open?vault=My_Data&file=05_Data_Pulls%2FFundamentals%2F2026-05-24_Disclosure_Reality_Check.md,,evidence;my-data;local-only
evidence:05-data-pulls-fundamentals-2026-05-24-fmp-chapter-11-avoidance-screen-md,Evidence,Chapter 11 Avoidance Program - FMP Screener,2026-05-25,my-data-evidence,,,,,,Local My_Data evidence link: Chapter 11 Avoidance Program - FMP Screener,My_Data,05_Data_Pulls/Fundamentals/2026-05-24_FMP_Chapter_11_Avoidance_Screen.md,obsidian://open?vault=My_Data&file=05_Data_Pulls%2FFundamentals%2F2026-05-24_FMP_Chapter_11_Avoidance_Screen.md,,evidence;my-data;local-only
evidence:05-data-pulls-fundamentals-2026-05-24-fmp-special-dividend-atm-screen-md,Evidence,Special Dividend ATM - FMP Screener,2026-05-25,my-data-evidence,,,,,,Local My_Data evidence link: Special Dividend ATM - FMP Screener,My_Data,05_Data_Pulls/Fundamentals/2026-05-24_FMP_Special_Dividend_ATM_Screen.md,obsidian://open?vault=My_Data&file=05_Data_Pulls%2FFundamentals%2F2026-05-24_FMP_Special_Dividend_ATM_Screen.md,,evidence;my-data;local-only
evidence:05-data-pulls-fundamentals-2026-05-24-fmp-working-capital-houdini-screen-md,Evidence,Working-Capital Houdini - FMP Screener,2026-05-25,my-data-evidence,,,,,,Local My_Data evidence link: Working-Capital Houdini - FMP Screener,My_Data,05_Data_Pulls/Fundamentals/2026-05-24_FMP_Working_Capital_Houdini_Screen.md,obsidian://open?vault=My_Data&file=05_Data_Pulls%2FFundamentals%2F2026-05-24_FMP_Working_Capital_Houdini_Screen.md,,evidence;my-data;local-only
command:node-run-mjs-pull-signal-intelligence-scope-all-dry-run,Command,node run.mjs pull signal-intelligence --scope all --dry-run,2026-05-25,dry-run-command,,,,,,Dry-run command for human review; does not acquire or promote automatically.,,,,node run.mjs pull signal-intelligence --scope all --dry-run,command;dry-run;review
candidate:2026-05-25-existing-scenario-connection-market-structure-vs-fundamentals,EventCandidate,Market Structure Vs Fundamentals,2026-05-25,existing_scenario_connection,watch,355,03_Macro_and_Economy/Observations,9,5,"Market Structure Vs Fundamentals current-event connection. Sources: US MARKET CALL_ FOMO vs FEMO (Fabulous Earnings Momentum), Updated Bond View – Time to Opportunistically Rotate Cash to Bonds but Diversify Your Diversifiers, The Supreme Court just told every freight broker that they can be sued +6 more. Evidence: Momentum With a Helmet On - FMP Screener, FMP Screener Review Summary - 2026-05-24, AAPL Agent Analysis +1 more.",World_Machine,Reports/System/event_connections/2026-05-25_Inbox_Event_Connections.html,obsidian://open?vault=World_Machine&file=Reports%2FSystem%2Fevent_connections%2F2026-05-25_Inbox_Event_Connections.html,,candidate;existing_scenario_connection;watch
trend:market-structure-vs-fundamentals,Trend,Market Structure Vs Fundamentals,2026-05-25,trend-cluster,,,,,,Synthesized trend cluster from inbox items: Market Structure Vs Fundamentals,,,,,trend;cluster
source:10-themes-strategy-setups-and-watchpoints-the-time-series-of-risk-regimes-md,SourceItem,The time series of risk regimes,2026-05-25,world-machine-inbox-source,,,03_Macro_and_Economy/Observations,,,Archived World_Machine inbox source item routed to 03_Macro_and_Economy/Observations.,World_Machine,10_Themes/Strategy Setups and Watchpoints/The time series of risk regimes.md,obsidian://open?vault=World_Machine&file=10_Themes%2FStrategy%20Setups%20and%20Watchpoints%2FThe%20time%20series%20of%20risk%20regimes.md,,source-item;world-machine-inbox
evidence:05-data-pulls-fundamentals-2026-05-23-fmp-momentum-with-a-helmet-screen-md,Evidence,Momentum With a Helmet On - FMP Screener,2026-05-25,my-data-evidence,,,,,,Local My_Data evidence link: Momentum With a Helmet On - FMP Screener,My_Data,05_Data_Pulls/Fundamentals/2026-05-23_FMP_Momentum_With_A_Helmet_Screen.md,obsidian://open?vault=My_Data&file=05_Data_Pulls%2FFundamentals%2F2026-05-23_FMP_Momentum_With_A_Helmet_Screen.md,,evidence;my-data;local-only
evidence:05-data-pulls-fundamentals-2026-05-24-fmp-momentum-with-a-helmet-screen-md,Evidence,Momentum With a Helmet On - FMP Screener,2026-05-25,my-data-evidence,,,,,,Local My_Data evidence link: Momentum With a Helmet On - FMP Screener,My_Data,05_Data_Pulls/Fundamentals/2026-05-24_FMP_Momentum_With_A_Helmet_Screen.md,obsidian://open?vault=My_Data&file=05_Data_Pulls%2FFundamentals%2F2026-05-24_FMP_Momentum_With_A_Helmet_Screen.md,,evidence;my-data;local-only
evidence:05-data-pulls-fundamentals-2026-05-24-fmp-screener-review-summary-md,Evidence,FMP Screener Review Summary - 2026-05-24,2026-05-25,my-data-evidence,,,,,,Local My_Data evidence link: FMP Screener Review Summary - 2026-05-24,My_Data,05_Data_Pulls/Fundamentals/2026-05-24_FMP_Screener_Review_Summary.md,obsidian://open?vault=My_Data&file=05_Data_Pulls%2FFundamentals%2F2026-05-24_FMP_Screener_Review_Summary.md,,evidence;my-data;local-only
evidence:05-data-pulls-market-2026-05-01-agent-analysis-aapl-md,Evidence,AAPL Agent Analysis,2026-05-25,my-data-evidence,,,,,,Local My_Data evidence link: AAPL Agent Analysis,My_Data,05_Data_Pulls/Market/2026-05-01_Agent_Analysis_AAPL.md,obsidian://open?vault=My_Data&file=05_Data_Pulls%2FMarket%2F2026-05-01_Agent_Analysis_AAPL.md,,evidence;my-data;local-only
evidence:05-data-pulls-market-2026-05-01-agent-analysis-ame-md,Evidence,AME Agent Analysis,2026-05-25,my-data-evidence,,,,,,Local My_Data evidence link: AME Agent Analysis,My_Data,05_Data_Pulls/Market/2026-05-01_Agent_Analysis_AME.md,obsidian://open?vault=My_Data&file=05_Data_Pulls%2FMarket%2F2026-05-01_Agent_Analysis_AME.md,,evidence;my-data;local-only
candidate:2026-05-25-existing-scenario-connection-policy-legal-friction-hormuz-oil,EventCandidate,"Policy, Legal, And Liability Friction",2026-05-25,existing_scenario_connection,watch,199,Policy/Observations,10,5,"Policy, Legal, And Liability Friction current-event connection. Sources: Transcript_ Shelia Bair, former FDIC Chair, Kushner Disappoints Mideast Clients Who Spent Millions Seeking Sway, The Supreme Court just told every freight broker that they can be sued +7 more. Evidence: FAA Regulatory Progress, SEC EDGAR 8-K Filings — All Theses, SEC EDGAR Sector Overview — Clean Energy.",World_Machine,Reports/System/event_connections/2026-05-25_Inbox_Event_Connections.html,obsidian://open?vault=World_Machine&file=Reports%2FSystem%2Fevent_connections%2F2026-05-25_Inbox_Event_Connections.html,,candidate;existing_scenario_connection;watch
trend:policy-legal-and-liability-friction,Trend,"Policy, Legal, And Liability Friction",2026-05-25,trend-cluster,,,,,,"Synthesized trend cluster from inbox items: Policy, Legal, And Liability Friction",,,,,trend;cluster
route:policy-observations,ReviewRoute,Policy/Observations,2026-05-25,review-route,,,Policy/Observations,,,Suggested World_Machine review route: Policy/Observations,,,,,review-route;world-machine
evidence:05-data-pulls-government-2026-05-01-faa-regulatory-progress-md,Evidence,FAA Regulatory Progress,2026-05-25,my-data-evidence,,,,,,Local My_Data evidence link: FAA Regulatory Progress,My_Data,05_Data_Pulls/Government/2026-05-01_FAA_Regulatory_Progress.md,obsidian://open?vault=My_Data&file=05_Data_Pulls%2FGovernment%2F2026-05-01_FAA_Regulatory_Progress.md,,evidence;my-data;local-only
evidence:05-data-pulls-government-2026-05-02-faa-regulatory-progress-md,Evidence,FAA Regulatory Progress,2026-05-25,my-data-evidence,,,,,,Local My_Data evidence link: FAA Regulatory Progress,My_Data,05_Data_Pulls/Government/2026-05-02_FAA_Regulatory_Progress.md,obsidian://open?vault=My_Data&file=05_Data_Pulls%2FGovernment%2F2026-05-02_FAA_Regulatory_Progress.md,,evidence;my-data;local-only
evidence:05-data-pulls-government-2026-05-01-sec-8k-thesis-md,Evidence,SEC EDGAR 8-K Filings — All Theses,2026-05-25,my-data-evidence,,,,,,Local My_Data evidence link: SEC EDGAR 8-K Filings — All Theses,My_Data,05_Data_Pulls/Government/2026-05-01_SEC_8K_Thesis.md,obsidian://open?vault=My_Data&file=05_Data_Pulls%2FGovernment%2F2026-05-01_SEC_8K_Thesis.md,,evidence;my-data;local-only
evidence:05-data-pulls-government-2026-05-01-sec-sectors-md,Evidence,SEC EDGAR Sector Overview — Clean Energy,2026-05-25,my-data-evidence,,,,,,Local My_Data evidence link: SEC EDGAR Sector Overview — Clean Energy,My_Data,05_Data_Pulls/Government/2026-05-01_SEC_Sectors.md,obsidian://open?vault=My_Data&file=05_Data_Pulls%2FGovernment%2F2026-05-01_SEC_Sectors.md,,evidence;my-data;local-only
evidence:05-data-pulls-government-2026-05-02-sec-sectors-md,Evidence,SEC EDGAR Sector Overview — Clean Energy,2026-05-25,my-data-evidence,,,,,,Local My_Data evidence link: SEC EDGAR Sector Overview — Clean Energy,My_Data,05_Data_Pulls/Government/2026-05-02_SEC_Sectors.md,obsidian://open?vault=My_Data&file=05_Data_Pulls%2FGovernment%2F2026-05-02_SEC_Sectors.md,,evidence;my-data;local-only
command:node-run-mjs-scan-sectors-sector-industrials-dry-run,Command,node run.mjs scan sectors --sector industrials --dry-run,2026-05-25,dry-run-command,,,,,,Dry-run command for human review; does not acquire or promote automatically.,,,,node run.mjs scan sectors --sector industrials --dry-run,command;dry-run;review
candidate:2026-05-25-source-gap-followup-geopolitics-capital-access-hormuz-oil-sho,EventCandidate,Geopolitics And Capital Access,2026-05-25,source_gap_followup,watch,71,Reports/Source Gap Register.md,9,0,"Geopolitics And Capital Access source-gap follow-up. Sources: GLOBAL MARKET CALL_ US-Iran Deal Would Boost Go Global Investment Strategy, Kushner Disappoints Mideast Clients Who Spent Millions Seeking Sway, ECONOMIC WEEK AHEAD_ May 25-29 +6 more. Evidence: none.",World_Machine,Reports/System/event_connections/2026-05-25_Inbox_Event_Connections.html,obsidian://open?vault=World_Machine&file=Reports%2FSystem%2Fevent_connections%2F2026-05-25_Inbox_Event_Connections.html,,candidate;source_gap_followup;watch
trend:geopolitics-and-capital-access,Trend,Geopolitics And Capital Access,2026-05-25,trend-cluster,,,,,,Synthesized trend cluster from inbox items: Geopolitics And Capital Access,,,,,trend;cluster
route:reports-source-gap-register-md,ReviewRoute,Reports/Source Gap Register.md,2026-05-25,review-route,,,Reports/Source Gap Register.md,,,Suggested World_Machine review route: Reports/Source Gap Register.md,,,,,review-route;world-machine
command:node-run-mjs-scan-sectors-sector-energy-dry-run,Command,node run.mjs scan sectors --sector energy --dry-run,2026-05-25,dry-run-command,,,,,,Dry-run command for human review; does not acquire or promote automatically.,,,,node run.mjs scan sectors --sector energy --dry-run,command;dry-run;review
